CREATE DATABASE  IF NOT EXISTS `yazilimproje` /*!40100 DEFAULT CHARACTER SET latin1 */;
USE `yazilimproje`;
-- MySQL dump 10.13  Distrib 5.6.19, for Win64 (x86_64)
--
-- Host: localhost    Database: yazilimproje
-- ------------------------------------------------------
-- Server version	5.6.21-enterprise-commercial-advanced-log

/*!40101 SET @OLD_CHARACTER_SET_CLIENT=@@CHARACTER_SET_CLIENT */;
/*!40101 SET @OLD_CHARACTER_SET_RESULTS=@@CHARACTER_SET_RESULTS */;
/*!40101 SET @OLD_COLLATION_CONNECTION=@@COLLATION_CONNECTION */;
/*!40101 SET NAMES utf8 */;
/*!40103 SET @OLD_TIME_ZONE=@@TIME_ZONE */;
/*!40103 SET TIME_ZONE='+00:00' */;
/*!40014 SET @OLD_UNIQUE_CHECKS=@@UNIQUE_CHECKS, UNIQUE_CHECKS=0 */;
/*!40014 SET @OLD_FOREIGN_KEY_CHECKS=@@FOREIGN_KEY_CHECKS, FOREIGN_KEY_CHECKS=0 */;
/*!40101 SET @OLD_SQL_MODE=@@SQL_MODE, SQL_MODE='NO_AUTO_VALUE_ON_ZERO' */;
/*!40111 SET @OLD_SQL_NOTES=@@SQL_NOTES, SQL_NOTES=0 */;

--
-- Table structure for table `destek`
--

DROP TABLE IF EXISTS `destek`;
/*!40101 SET @saved_cs_client     = @@character_set_client */;
/*!40101 SET character_set_client = utf8 */;
CREATE TABLE `destek` (
  `DestekId` int(10) unsigned NOT NULL AUTO_INCREMENT,
  `UserId` int(10) unsigned NOT NULL,
  PRIMARY KEY (`DestekId`),
  KEY `FK_destek_UserId` (`UserId`),
  CONSTRAINT `FK_destek_UserId` FOREIGN KEY (`UserId`) REFERENCES `user` (`UserId`)
) ENGINE=InnoDB DEFAULT CHARSET=latin5;
/*!40101 SET character_set_client = @saved_cs_client */;

--
-- Dumping data for table `destek`
--

LOCK TABLES `destek` WRITE;
/*!40000 ALTER TABLE `destek` DISABLE KEYS */;
/*!40000 ALTER TABLE `destek` ENABLE KEYS */;
UNLOCK TABLES;

--
-- Table structure for table `kategori`
--

DROP TABLE IF EXISTS `kategori`;
/*!40101 SET @saved_cs_client     = @@character_set_client */;
/*!40101 SET character_set_client = utf8 */;
CREATE TABLE `kategori` (
  `KategoriId` int(10) unsigned NOT NULL AUTO_INCREMENT,
  `KategoriAdi` varchar(45) NOT NULL,
  PRIMARY KEY (`KategoriId`)
) ENGINE=InnoDB AUTO_INCREMENT=9 DEFAULT CHARSET=latin5;
/*!40101 SET character_set_client = @saved_cs_client */;

--
-- Dumping data for table `kategori`
--

LOCK TABLES `kategori` WRITE;
/*!40000 ALTER TABLE `kategori` DISABLE KEYS */;
INSERT INTO `kategori` VALUES (1,'Aksiyon'),(2,'Macera'),(3,'Dövüş'),(4,'Rol'),(5,'Strateji'),(6,'Fps'),(7,'Simülasyon'),(8,'Spor');
/*!40000 ALTER TABLE `kategori` ENABLE KEYS */;
UNLOCK TABLES;

--
-- Table structure for table `kirahareket`
--

DROP TABLE IF EXISTS `kirahareket`;
/*!40101 SET @saved_cs_client     = @@character_set_client */;
/*!40101 SET character_set_client = utf8 */;
CREATE TABLE `kirahareket` (
  `KiraHareketId` int(10) unsigned NOT NULL AUTO_INCREMENT,
  `MusteriID` int(10) unsigned NOT NULL,
  `KiraBaslangicTarih` date NOT NULL,
  `KiraSonTarih` date NOT NULL,
  `KiraFiyat` int(10) unsigned NOT NULL,
  `UrunID` int(10) unsigned NOT NULL,
  PRIMARY KEY (`KiraHareketId`) USING BTREE,
  KEY `FK_kirahareket_MusteriId` (`MusteriID`),
  KEY `FK_kirahareket_UrunID` (`UrunID`),
  CONSTRAINT `FK_kirahareket_MusteriId` FOREIGN KEY (`MusteriID`) REFERENCES `musteri` (`MusteriId`),
  CONSTRAINT `FK_kirahareket_UrunID` FOREIGN KEY (`UrunID`) REFERENCES `urun` (`UrunId`)
) ENGINE=InnoDB AUTO_INCREMENT=4 DEFAULT CHARSET=latin5;
/*!40101 SET character_set_client = @saved_cs_client */;

--
-- Dumping data for table `kirahareket`
--

LOCK TABLES `kirahareket` WRITE;
/*!40000 ALTER TABLE `kirahareket` DISABLE KEYS */;
INSERT INTO `kirahareket` VALUES (1,1,'2014-12-20','2015-01-01',10,1),(2,2,'2014-12-10','2014-12-20',20,2),(3,3,'2014-12-08','2014-12-25',46,2);
/*!40000 ALTER TABLE `kirahareket` ENABLE KEYS */;
UNLOCK TABLES;

--
-- Table structure for table `musteri`
--

DROP TABLE IF EXISTS `musteri`;
/*!40101 SET @saved_cs_client     = @@character_set_client */;
/*!40101 SET character_set_client = utf8 */;
CREATE TABLE `musteri` (
  `MusteriId` int(10) unsigned NOT NULL AUTO_INCREMENT,
  `MusteriTC` bigint(11) unsigned NOT NULL,
  `MusteriAd` varchar(45) NOT NULL,
  `MusteriSoyad` varchar(45) NOT NULL,
  `MusteriMail` varchar(45) NOT NULL,
  `MusteriTel` bigint(11) unsigned NOT NULL,
  `MusteriAdres` varchar(45) NOT NULL,
  `MusteriTarih` date NOT NULL,
  `MusteriPuan` int(10) unsigned DEFAULT NULL,
  PRIMARY KEY (`MusteriId`) USING BTREE
) ENGINE=InnoDB AUTO_INCREMENT=9 DEFAULT CHARSET=latin5;
/*!40101 SET character_set_client = @saved_cs_client */;

--
-- Dumping data for table `musteri`
--

LOCK TABLES `musteri` WRITE;
/*!40000 ALTER TABLE `musteri` DISABLE KEYS */;
INSERT INTO `musteri` VALUES (1,123546789147,'ahmet','yıldız','yıldız@gmail.com',5366490245,'keşan','2014-12-26',0),(2,13245687947,'hakan','sari','hakan@mail',5057891478,'anadolu','2014-12-26',0),(3,147258369456,'ayşe','bağ','ayse@mail',5477892535,'sermet','2014-12-17',0),(4,12345678946,'mehmet','sert','mehmet@mail',5557893514,'bağlar','2014-12-14',0),(5,12345679147,'hasan','çetin','hasan@mail',5363691214,'toki yuhhh','2014-12-09',0),(6,213546789357,'nur','oğlu','nur@mail',5386578496,'dağbaşı','2014-12-02',0),(7,78945632148,'deneme','den','ads@sd.co',456789,'antalya','2015-01-13',0);
/*!40000 ALTER TABLE `musteri` ENABLE KEYS */;
UNLOCK TABLES;

--
-- Table structure for table `platform`
--

DROP TABLE IF EXISTS `platform`;
/*!40101 SET @saved_cs_client     = @@character_set_client */;
/*!40101 SET character_set_client = utf8 */;
CREATE TABLE `platform` (
  `PlatformId` int(10) unsigned NOT NULL AUTO_INCREMENT,
  `PlatformAdi` varchar(45) NOT NULL,
  PRIMARY KEY (`PlatformId`) USING BTREE
) ENGINE=InnoDB AUTO_INCREMENT=5 DEFAULT CHARSET=latin5;
/*!40101 SET character_set_client = @saved_cs_client */;

--
-- Dumping data for table `platform`
--

LOCK TABLES `platform` WRITE;
/*!40000 ALTER TABLE `platform` DISABLE KEYS */;
INSERT INTO `platform` VALUES (1,'PC'),(2,'XBOX'),(3,'PS3'),(4,'PS4');
/*!40000 ALTER TABLE `platform` ENABLE KEYS */;
UNLOCK TABLES;

--
-- Table structure for table `satisgecmis`
--

DROP TABLE IF EXISTS `satisgecmis`;
/*!40101 SET @saved_cs_client     = @@character_set_client */;
/*!40101 SET character_set_client = utf8 */;
CREATE TABLE `satisgecmis` (
  `SatisGesmisId` int(10) unsigned NOT NULL AUTO_INCREMENT,
  `MusteriId` int(10) unsigned NOT NULL,
  `Durum` varchar(45) NOT NULL,
  `SatisKiraTarih` date NOT NULL,
  `SatisFiyat` int(10) unsigned NOT NULL,
  `UrunId` int(10) unsigned NOT NULL,
  PRIMARY KEY (`SatisGesmisId`),
  KEY `FK_satisgecmis_MusteriId` (`MusteriId`),
  KEY `FK_satisgecmis_UrunId` (`UrunId`),
  CONSTRAINT `FK_satisgecmis_MusteriId` FOREIGN KEY (`MusteriId`) REFERENCES `musteri` (`MusteriId`),
  CONSTRAINT `FK_satisgecmis_UrunId` FOREIGN KEY (`UrunId`) REFERENCES `urun` (`UrunId`)
) ENGINE=InnoDB AUTO_INCREMENT=8 DEFAULT CHARSET=latin1;
/*!40101 SET character_set_client = @saved_cs_client */;

--
-- Dumping data for table `satisgecmis`
--

LOCK TABLES `satisgecmis` WRITE;
/*!40000 ALTER TABLE `satisgecmis` DISABLE KEYS */;
INSERT INTO `satisgecmis` VALUES (1,1,'Satildi','2014-12-27',80,1),(2,1,'Satildi','2014-12-27',60,1),(3,1,'Satildi','2014-12-26',50,2),(4,2,'Satildi','2014-12-25',40,2),(5,2,'Satildi','2014-12-24',45,1),(6,3,'Satildi','2014-12-23',50,1),(7,3,'Satildi','2014-12-10',80,1);
/*!40000 ALTER TABLE `satisgecmis` ENABLE KEYS */;
UNLOCK TABLES;

--
-- Table structure for table `sepet`
--

DROP TABLE IF EXISTS `sepet`;
/*!40101 SET @saved_cs_client     = @@character_set_client */;
/*!40101 SET character_set_client = utf8 */;
CREATE TABLE `sepet` (
  `SepetId` int(10) unsigned NOT NULL AUTO_INCREMENT,
  `UrunId` int(10) unsigned DEFAULT NULL,
  PRIMARY KEY (`SepetId`),
  KEY `FK_sepet_urunıd` (`UrunId`),
  CONSTRAINT `FK_sepet_urunıd` FOREIGN KEY (`UrunId`) REFERENCES `urun` (`UrunId`)
) ENGINE=InnoDB DEFAULT CHARSET=latin5;
/*!40101 SET character_set_client = @saved_cs_client */;

--
-- Dumping data for table `sepet`
--

LOCK TABLES `sepet` WRITE;
/*!40000 ALTER TABLE `sepet` DISABLE KEYS */;
/*!40000 ALTER TABLE `sepet` ENABLE KEYS */;
UNLOCK TABLES;

--
-- Table structure for table `sepetkira`
--

DROP TABLE IF EXISTS `sepetkira`;
/*!40101 SET @saved_cs_client     = @@character_set_client */;
/*!40101 SET character_set_client = utf8 */;
CREATE TABLE `sepetkira` (
  `KSepetId` int(10) unsigned NOT NULL AUTO_INCREMENT,
  `KUrunId` int(10) unsigned DEFAULT NULL,
  PRIMARY KEY (`KSepetId`),
  KEY `FK_sepetkira_KUrunId` (`KUrunId`),
  CONSTRAINT `FK_sepetkira_KUrunId` FOREIGN KEY (`KUrunId`) REFERENCES `urun` (`UrunId`)
) ENGINE=InnoDB AUTO_INCREMENT=7 DEFAULT CHARSET=latin5;
/*!40101 SET character_set_client = @saved_cs_client */;

--
-- Dumping data for table `sepetkira`
--

LOCK TABLES `sepetkira` WRITE;
/*!40000 ALTER TABLE `sepetkira` DISABLE KEYS */;
INSERT INTO `sepetkira` VALUES (4,2),(5,3),(6,7);
/*!40000 ALTER TABLE `sepetkira` ENABLE KEYS */;
UNLOCK TABLES;

--
-- Table structure for table `silinenmusteri`
--

DROP TABLE IF EXISTS `silinenmusteri`;
/*!40101 SET @saved_cs_client     = @@character_set_client */;
/*!40101 SET character_set_client = utf8 */;
CREATE TABLE `silinenmusteri` (
  `SMusteriId` int(10) unsigned NOT NULL AUTO_INCREMENT,
  `SMusteriTC` bigint(11) unsigned NOT NULL,
  `SMusteriAd` varchar(45) NOT NULL,
  `SMusteriSoyad` varchar(45) NOT NULL,
  `SMusteriMail` varchar(45) NOT NULL,
  `SMusteriTel` bigint(11) unsigned NOT NULL,
  `SMusteriAdres` varchar(45) NOT NULL,
  `SMusteriTarih` date NOT NULL,
  `SMusteriPuan` int(10) unsigned NOT NULL,
  PRIMARY KEY (`SMusteriId`)
) ENGINE=InnoDB AUTO_INCREMENT=3 DEFAULT CHARSET=latin1;
/*!40101 SET character_set_client = @saved_cs_client */;

--
-- Dumping data for table `silinenmusteri`
--

LOCK TABLES `silinenmusteri` WRITE;
/*!40000 ALTER TABLE `silinenmusteri` DISABLE KEYS */;
INSERT INTO `silinenmusteri` VALUES (1,159753,'sdu','sdu','sdu',12345,'sdu','2012-02-02',8),(2,562123,'ssada','sfwef','sdfsac',745,'sdqwd','2000-01-08',1);
/*!40000 ALTER TABLE `silinenmusteri` ENABLE KEYS */;
UNLOCK TABLES;

--
-- Table structure for table `urun`
--

DROP TABLE IF EXISTS `urun`;
/*!40101 SET @saved_cs_client     = @@character_set_client */;
/*!40101 SET character_set_client = utf8 */;
CREATE TABLE `urun` (
  `UrunId` int(10) unsigned NOT NULL AUTO_INCREMENT,
  `UrunAdi` varchar(45) NOT NULL,
  `KategoriId` int(10) unsigned NOT NULL,
  `UrunKiraFiyat` int(10) unsigned NOT NULL,
  `UrunSatisFiyat` int(10) unsigned NOT NULL,
  `UrunResim` blob NOT NULL,
  `UrunAdet` int(10) unsigned NOT NULL,
  `PlatformId` int(10) unsigned NOT NULL,
  PRIMARY KEY (`UrunId`),
  KEY `FK_urun_KategoriId` (`KategoriId`),
  KEY `FK_urun_PlatformId` (`PlatformId`),
  CONSTRAINT `FK_urun_KategoriId` FOREIGN KEY (`KategoriId`) REFERENCES `kategori` (`KategoriId`),
  CONSTRAINT `FK_urun_PlatformId` FOREIGN KEY (`PlatformId`) REFERENCES `platform` (`PlatformId`)
) ENGINE=InnoDB AUTO_INCREMENT=10 DEFAULT CHARSET=latin5;
/*!40101 SET character_set_client = @saved_cs_client */;

--
-- Dumping data for table `urun`
--

LOCK TABLES `urun` WRITE;
/*!40000 ALTER TABLE `urun` DISABLE KEYS */;
INSERT INTO `urun` VALUES (1,'GTA',4,10,70,'\0JFIF\0\0\0\0\0\0\0;CREATOR: gd-jpeg v1.0 (using IJG JPEG v62), quality = 90\n\0C\0\n\n\n\r\r\0C		\r\r\0,\0\"\0\0\0\0\0\0\0\0\0\0\0\0	\n\0\0\0\0}\0!1AQa\"q2#BR$3br	\n\Z%&\'()*456789:CDEFGHIJSTUVWXYZcdefghijstuvwxyz\0\0\0\0\0\0\0\0	\n\0\0\0w\0!1AQaq\"2B	#3Rbr\n$4%\Z&\'()*56789:CDEFGHIJSTUVWXYZcdefghijstuvwxyz\0\0\0?\0Kpt\ZOFnyh$פ\0_\Z~u\rM\"gֵgE=\rbB3%n̪J0Gk1	l{؎%[!>,*º߃k,h771.-\\474N#×(uƫwIb!HK<g@Ѽ{rWX;6Ym ,&Ssg#G6b1S«U#.]V]3\rSJjֵEt;Z?On|;YI=pAydm9$V\nxiq6*5t̡Xr:ּ,?V[6F>^*ƽ-fPjIs5ӦkW0(ryv!NpZhЕH߽vGMRsʭT䬴{o{ۮc¶_~tkμÚVxOo6?ۡڃ_չ$h\'49dж>Y_(cr2H\Zv\0ýum{hfW֛wC{ckξvӵGe\Z?2ٵI#\\nq?\riMg6+[kYgx)-#ߟZQu;myBm;Δx^\0\0N<\'_\0^i\0g}S_z=cDxcOK\0Ν4eޏi>e\0cO}k.;Yh]?F-Z$_z^]Õv4\ZsxwMQ~/dKV(,)e#\\G<˱d\r->:m)l^[HH0@q|6ڞgh\\]>p(!qGi˸Yv=Lݷzg3H4M(z3[ob{Z[-\'!6>[pQEƏ4xWSք^݌q_o$\\\0f9^.}YwXE2ȭ?eO!~v\\N]!R(d-\0bO~sz>OZ]^T\'(	$;\Z(,\\X\Zkw_\0{\\ʺE8Q̪7`Ѡ\0W\0q\0\\W\rrvaqqk2P]HمcU+٘WStS/z$m]\"[^KGc!Y]lo ?ŎaijW\0\0ylkmWremPYI`Ü}i|34j+y_C(C@%ucڴabsz-%.]fu\rM<<S\'esma\r5M^Y=6QXɉ3La\0\0:mF٩h+cZXrYsʾ=>ӼcYڄ[Zlk*W|\089\0{W| Ԯu4UͷAu-GC\\s$Ru?3d%IJջEEtq#Sxas[IjòX\ZA\"\",Lw0{	~-iB\0.4ev+k]ZF[-z=7~ak-f\0f%y qr?\n|&	/<5A-n5O!)_F,K\nEzVY鶺冹MmiVEjY5Ǝʱ3Jyx[E9j\ZquAvAIfo+o6/3\"2FA]LH%S.nUD@}GsL&k˯:oh庸_,-̡ʑ\\`_\0i:~ab5\0ڥ$%#U`7a|ɦۋ^o2%\0G\r8SFA$灜L45iF_4&[EQ6JeXSQS&~b#}N\0_\Z\nSI2~_/u`0Q=ƙRM任匲ȏL!V\\a#>,=Zֶu\rOQ#|!uLjμ*t\\9b}jzΎWBezߕV~t6Z|11ڔiI\0mZO]jE.WAߕ/Rz??砤۴\0+RgէDǤ8іU7{8+H{y)Ԓ\"Hҋݒ:)_Q^us/OF?\0񺸟d2\0uR<\0<.\0/e^19;.Fn\0V%bhѡ$/7Ga+	jSc6{^Q]KaBi7ioO]Wmҫ|7EHv\0ҩkϛ2!w\0u+svsKU[	[V>?]}uQEp=[bŕ>VF͌8_?g@n\0IIzA<+g\0\0D=;>3iJVM,%0Z\\J^?~%|=*{U_>\n3wk\0R\0Qn\0q\0+2|_?K<g\07J?f\'\0G~Oo\0S\07R8\0}|o?N4>mNYǤ\\4)́25?eߌGi_Es\0PGI/_Q.3\03ߥ\0t\0y\0T\n+Aǟ\0Wg!\0W\0ٿe\0˺_.}_E\0@_k_5_\03d\0kF\'?M/Q\0׋?N\"T?sŏhPHB&2*qξ\0Pn/{=I>Ef\\~$j\0k?eoziY}l%u?Z߱1\\\0eyg\0]_\0ٸO>{3/Vtߵ\'e\'\0^_[ğDe<\"14b6F$[:TʴOzd?\'by?W*?\"ڋui¼׎%k-^rFcs8=kQ?g?\0W> 9	?*/e=U\'\0Guy?Ѓt?<{gz,\rB77_kt%R.(@\rhJ*/pv\Zuc\0<I\0U\0ou?)\0W\'yAc]<hqf4[\0f;36f2W_ژ\0/?FoCg\\OXuW\0+~V_t}^h]֞mך#@#>,_wY1)CJ4S6\0&a\'b!5)J붟aW,R.1V}\0318Y `Z6F@$]~\'+GO\\W_`og-l~\\A\0W\0\Zٝ\n=Ms+>V}э<:^I=]O[e3>Sɫ-mp0Qnf3h\04ſ\0Y)|ue~y[8:Nq島QI[daqU)Δ暒W{_]\Zն۾+N?K_~Zڿ.0-($|g@M~\0/$yao]YI\0vbk;s<WQVݼϪ(O|*\0/?C{\0\0\0D=~e9K㇜#ݦYC\r؝i4O5iJKԓ~W6OƋ|5p\'!dBC^x1\\;F$EY6r:gj2VZJ#/uV#\0a#x,OU\0Nkb*|[cz^_{%m\Z\0·1KMPô3q9;Gʸ_^4)SZ\\H%3ؙ%U?2a\0uz}*)eOًǅ\">+ZxX̨8)ʚ}ŕ\nZuZEKb62HR?Ҿ_/k_׬\rmtRG7U~\Z{RhwKZ[˶7hMq<WyjVڮowgp[x:\Zk\ZI1rIr90ǡ|񿎴Fյ\r\0TxFfǰ\'NWQ+y#TdZA /}q5ޣ4~$j;U;qqҾdĢ,cn|^%rk=/D\0jo0kZ][)fO\0ۿa8rwVQYrW?FfM^)lD\n?z=ެ`x5߳gx[NCqhfݞ?3^iC JO8!<㏆ G5W1e\"鿞k;o:uMs\0O9O}M.F#SR9<Q[Ys!Pw9\'dϨ˩ [\nX0+Ьu(|\0쐘ש m9:`Q8N\0uD{YUO)4s2D Ey\'u<r<VᗃŬ53Ӧ%]eRUv0q|\0{\n?ۓźk&E;\nh8Ϡ_\nܥu/G\Z;|ڿz>#U6ӝVKWq)Q+bq;O-ݍɾkIwuwX7\'YkH̀`ki7QjIc<Br(\0ÚRqyhFS*v\03Լ9Mj5<ģZ&=ya+W\0EݶBz9[G߅x[UY0FV<2/Izeo%\Z;ѷc߀+E)l-97fߋVV~Ԯ]zU-cԭ;%iNdxV\00Uqs^>IiWb5J1<,$vV4	ܱOCھ+\0oijZRb{ųx񃷦_5mx;_\ZS6ЫndbQ>v.&U6kDkKS\\dVxzl&[CRhab0\0nzbmD#)gڸ	_ٴݭ%L/^?^ڊ\"Q#7a,\0!<\'+|ʜGUᇃX_,nK1?_\0ӥ|A\0=/OefH\Z	q\0&\'tW\ZI329oKa\0`{{\0|^Ccӣ7Xa8?~|U\0_^臯_^~\"|h$XC!9s\ZΤc8JZ5g29S<_&5=*4;wZF`lQ8NH?xh᤺T\'ϜG\nP.\ZǇLK4wdLtĞ\Zb$Mlg)e7NWS	\r}n,g\Zx5NױD+\rVMZ-PmlBAC9 rYǒ~,,u[٣$$Os<]2I;3m^ͨ~w,KHAeq%es?ZdԼs+[t\'DDXĄ3><{>Zmn\0=\'7:Iצ\0>3/u	_j>5qLF&+ v\\{W|zu+kGѭnk5(<0cK,MJIAC^yG\0~oR+s6*f}s#j+GGNkX\\}hڲ袿ϯe\nV8&񏎼fλ]\Z=N[;t\n\0$u$z\\s\0XT{{H\"m99\0O^mi:e,Ƥn{*O5>6Iy2a֎K/.Cut<SJU4WꯂzΡ\0z:{_`m3X69#\0r\Zq+JԵvOX\'HHAcRYO^}iń 3d$s+3O;6I|Shf ̄58ǟu}O\Z5qY%\'{zkW5\0p]Cw?N\rpڗz͗Mmv7i$Px\rֽ{4MIpg$b|vVIdP.-XqNJj6ʚ<=)^G7|Aqmah\\\rwB=kNt5org66O%@?KsixNۤB1zVh͒k,)Ƈ9?[YGH+©>joV9^;fҭ畮V)HvA\'܃_>!Ms-Cbڞt/\nH,USߊ0\"21^\0ƶ,:nͨZΫK_x|E8CkozV7,.Ek%ĶC)`>`T8ןJ\rPEx~]LẲR\\.C2}`ωKxR6muyiX`OdMK⿍QAZw D0@)~k|MIҋ<\Z*fӦWkﵴ~0|I<&iz>&XmlPlO\\f>(Q;}o<w `=s7vrkgեy\'#\'ZV=7\Z5>.0&D 8*Ĝnq*YW^2wZVOK<a2LO2zT(7Tu飹xëb&M=%2ƞ1瓀Mt?,Y|@|i7&y/;mww[U]G*<pE/į#F2iq!KP?8.gWEggÜyƓ>%i{iyxF#UyϽzteeiok*ìSW{sY\0Ck¾$}_Śfl\ZfPzs岎N:zSXO%,B@<ǵ|iQky\n2\n(Yڮ-5+ٶ۝m\0\rĮF+yÕ8(5xrc\ZE4FA\0\\ɉ2\0.oW/	J5]t.I<n~.?O\0NutQ&vw>+BN[\0\0D=~A	o?}`28k\0\0D=?7\'+i\ZX֓FQm3J7bte_pݟ>PEިwk&Un-ĢWsJ_*|Nկ kpIR]\\4sA`:dg㪛Hgּe_g_*<~,z/N~Co_?|\rkgqoxJӤbT\0^y{C|S@UH7\0zWκW};cR>גKaokA{<k$Z{gylr?pR[]N+Ό/:^ߚg:_w)K\"0iZW,X7(QI)A_]9T1 r<\\w_4|0𷀴/CeGI&]zdp8<g<3bl4=/Me4/l9zM|}*1TJYס{JUYZ,L\0ʬ~]|MD:TDWL7n$x½|*;sӽ{|xWGNhpJ{\n;U]#1C,CE8.ٷ=+Ϟ*l=UNhV_<<b+>ނ4?L\Z6#*,6󻑜wŏ%*Οw=ϧ|%jmk}`BIi|?+i\">t}\Z\nU<bNK\0[s-#⌃\r&L唗p`9<t^W~׍}VKim2\nʤcp# WE|rҼ0ťo\n|B}99jN3~v{`+1rޒ,[蕴:va5^,,jB9k~U:^p%լchݺs}RcL\0:uFzzŨ$6>ekۨ(²`m\'O{Ě[ɧy6onlKA{)lMm->\08%6?ω.\'Xˈ*r{zpT[^_ڬ\\>H|+3K{.m{% \0`y<򷉼UkMIs};yaOL㧰lUp~sZ56MT={\Zȶ#|\'y w^u eUQx$^ǶSW|>Xhޟ=:WZ5(HK뉦+acV16r4RrBB|d5.ć,mڍ%fe+̫?TCexde%6W5.x_[-r7>E|\\G4mne$~I$3ɯ,f:ÒqӁ5ɤ\'!kb/3)DǩZqt\'ȴN{cp4\\rnOZihq?k:˨[]>J:^עxt_\r[CN	5H\"\0 )\r\'1:CA5M[YE@(%1I~xd\Z\r3FFhRQWNA WhǕ\n8k|sI<v{%,X$%<c~.?O\0Nu\0>O1cn2f>KeRy\'޿B?b\'\0K5=99yt>+qO&0\0=z7A(s\ZlemI\nFpz5WI?y\0|	K|i-,VK[9$rL]PLCǟ&o|W74ٶG9 4Bq9bIݒNkCW\r-F),MȏU`rAxl?}qy\Z٤*(@3sֶql_t#ҭc\"; Oךꢇ:m_S#%J/#2k}&C\r֥y+. \ZI`㞃jQqqkq*Q#yg-goJo^i~𶱮f[&+\Z`\Z3ӡ̿g_؛\0W\'!^:6<NѴӈD݃_cnp,Is˚)%y\"nR+Oz]28FY|s?})=ֹ#g}+H\\cf>m\",}\0u\0JO񾻩E4P,@O^lÕ>r9\0>o*&,$F~`G?־l4>(aY@}</\0M;T<I\Zl2>h\0cmyq0=	\\iΚ+mrjfʤ.O/C~7~Xm!b̑Xf)m;s\"C}n<z\0t5@Co>^9Qe {`\\arrIO\Zo{Ek8_PI}$F[\0\0}厝7NRfuJk[t\r\'eX$~RIno,#p\0\"1L7y7oM;wͨ\\_K99?\Z$Q[|Ls2Gݳ|_G\0᷍e-h+Y5f `?MzzzsOޡFI8p._9SVcʂ	PzZ29弹xm;UT9\0\rÿ^\0@>i?YAgnӡoFHOqҷ\\+\nYYS->y.Gpw:o${5ks~__2j1Fd(R>0Ng<{׭Whψ|UKO$@or$pNF~>+i;Ҽ[jwcut(98满Aƫ<\\^.8ϕ>:6e#ᦹ돌Z&jG0Nw>J>2\r>ëj&]{:y.&]r8IO~\0B\0{\0^M\0%|_WЬ<=h7q[jzCǼAe+H\'QR\\ط,~{<Ӵd2N}FsY%XI\"YcƽÿLzc⤱t>VaW׿d_.dDyBvu$!2ΰ)ЊK#&\'cn1&4M\ZFr-}J[zgO-4-Qi\\0Db$GR͸Z{\r3Uc8WQKSH<v7&s?A/j[h\\3!}JL(RK{פxS	\0\\~#6i1iP3G7!47`v.F9\'-Kk<v\nڣٻj*IڗvGEl5MWUooLMJDeU\nw&Z?b\'\0K\0\0ȃ	j\0\\ɉ2\0.jY\njC( *\0/?Cǅ{9.\\).9_\0!GFrpOO2\\؟zYw>?X=񷈴ȎS,v9	rVob\ZukUTFb*\'+_\r~%M^Cxl$Wc>OZ_ۇཝguu,\\iя}[6!;0\0Oq_SNF揺˥Z.D~UN\0q7^/=.$:Mas:k%gO_z&|Ηh/sỦmVrn=\'\r}\0?	]\0dd	Tjx&wW^im|5R/K}R;l7}svMdY85/\0s\Z\0\0qWE\0d\0M\0\0C\'ğN2]ma`\\$ϊ\0e\\C<,& 1^>lncπFqdm:09BJ\0\n_~Y6.ȚumTS,;y~\0w|r4OTn/-ɵ:Ic<eH?l?nf{̄1VNG g_k|P.^JϖHPvsksaO:2 `\"a$?\Zo\0}m[⭇χ\Z?im4V!=sznI$_\ZOgzu&/,n8ʼRI\ZǮ	_fᶤٴIf9$Gk*p\0\0\0GE_[4/4wHj?1[>oû]Q𦩧Mwsg2G+z\0\0/\ZV\'/JOoLc\0?du\07\0Zg2y-cO]î>7^\0\0Hy7qi_v?_JލEKmj}OZƣ~8>5:-jⱱws|=Mz:koﵫki$䈜d+yNCi:w[-R<@;dHsqNLJF~\\y_7baNTw\')ЭWDsYqzzD|?޽Std4_$N\\JBRsN3\\WpxĚǈnm.٤EeVL1,>nwWXjsޔ\0fqE$E2ʒ\'# MseNK~^޺??}Ūx|j\Z|#XMd^zMgkd1y\'acb.}_ڷ\0.Ca9>с@*A#鳡|^o T]d4OmbI?ekKKSrs\'\nKaX;Xj7ڬ$H%*ϩb\'\0K-5ѐ8\\~<S_\0K1?_\0ӥuBRo\'vciԴ]ևTQEYr!KG㡂[̓ߊKa\0`{3xgAZ[iF0K:\0A8ߞōO=/>\ZkZ,anN帺o/@=\0\rmv33\re*P%vԓsz|\Zn<wKyn!H#$O]mh.^M1\0VݑOC_Vik/#`RjZ\0x|&񭆆M\"m|O,p\0]߭}\r\0;_)iOs唓*	kd\\9WRCq_\"I׺ecLDFI=\0a?7Ɵٿ06u&xRs2/ʮ\0QG\0t!(S4ZׯS㸎+VS;_-Kŷ1\r*̑/vs*ޙ|\0d\0KԿ\0C\0\0b\0|X#}gy,Fsy^e	o!Kۋ<\0=}Gտ\r?_OE\0fw?Uco]:7Ꮖ_K[eX\\]1<\0:_%jl,l<F|K$Z|XˢJi\0oi>gs\\Om.d8HnM{(,2{WT~#x]/=/U5xLs&A\0?WMgH}%^3%±I\' }_?|j\0r:᫘&~rU_Ǚ3\0.oh7ZV\r̋CW8W?k+?({fYB=9ȯWxN;Sѵ+C&~S.go\Zv.{GNvV$#\"$.I3Y<ɯ\nyi׀<\0l/`xy@s4x:t?}]Eo\0_.f\'M1Kی?CO\Z^\'~H!/n\0M.dUQ\0/>4ge|K}p76FGB0qo?:_rtyMn!\Ze3ĸ\0r@z___]kŗ7 O$B$G=CmֹG[Q>\0RCq?z?[oi\Z{Joypp\r|+Ꮐ^MSZ<2A_ʤF,t&^_t\'I_p&h$w\0U[\ZUN/\ZBԆKJ,ːXvЃT\r1Y3*3x~d=+\0\Zi,,-u+g%<I㸯w_\Zj鶺[ȉQSۡƓp_OGVZ5+rHv,	)Udrs.8ܹƣ-M5j?m\Zoqm$ರ8?xڿQ=?Nմytw ~R[5G{, ^\"oT=O\0t9^T{It9*ӭwMUw<Cjw|7\rvFO\'_ua461,lc2aN?Jv\\[j1Gyە;Cn#O>i<a}-)<c7+ӗ-=d~Ӟe۴B>۽`ym}vg\0\\ɉ2\0.Swᧄgw4f9\"#+	q\0&\'tJynUQE\'-WI?y\0\r9W?	+m&[ܖL[ ݆NsWI?y\0.a\\>(\"@nn,થ?qXH5U=Ri={nO-F7k}ٞi7~Пy7/#O$v6%Ps4L}\0Ƽo?K?AvPge0ss)(9gVHXm`q()nwIɯj#wkE*]YOOׇΥhʮI~;\'b/6\0=WE>VV\0m\"{aƫs}ub*αL<d$6kg/Vâxtff>\ZM{D.YF$,2ܜ߇\rN\r#BaI.Xvڧ[}Y\04h\01\0\rx}CL..@ABrr\rzP^;-Fg_W\r]<C<20\0w\0J^G;R\\?!D:%́Pl,f}c=~~Ӻ\0\0|YņeiBld |u8[U\\&,N_B5)m\0Ǉ𝖏~$Q\r|Gu\0$Υ>*еygisU\"=sؓ_c,Ԯy3wsbK+K1&;\0O>\"xo#V>\Z+k&;g^?k߳o7[D|Sgʷޮ@vPy\"Jai>%旮IGpe$pO8w\rU|Gss.\Zǥ%pzx=?\Z\0v~t*pA88`T|?fFp}\Z_\'5R|iMJk\0	hvcP$@cP	\0W\Z+亸3v>cu\'^OwRkW\0֠bg(F/>fؾv`M댯=E`D>ke]\"͜{anW@:?kY1\Z><:7y%Vf`\0m OVo0XUy̯&aN\r:BxN.4h $9$aqs}[9\\xpL=8\"	Q\0$󎽿o$YD\\A\ZY_l8|];ڀ<~x7xo^Zxf?2d:W߳>|!4kxZ7Q>#9,2x|U_>|񏉴5+Z7 m Z&w\0|]`|S[p5TGeP@Q4W\0m7^ KD[x\Z\'r6Il1־I?^>5<GZUGGZ\'KJ[oSx.SGx\"\">/ǉ\ZiOJic@#+Ns۽0:?~_?l4Xm,@\'rN	M&-gW0jLhZH~F!Y\0!qҾ8-5֩4l!f2N=5$oGP4ؑo[\nI\nI&nϵ_ g?9k\'zugTVIߧw>.ۀJ[ %f#DP%s>\Z\0GUݶQS;H#={Gj\\τS\\ԭ;\\/FGxԺqs޹xROmӵ;Z)xR@V8s~2P5S.V\03LF\rPރ\'{zyy&yg#6ʶ_ov;1(ہ_K1?_\0ӥ~Ez]3Kpj.B<`\0	 rLO\0w_WGGIݶ}UEVĜ_%0\0=z h崗Q1x:S\0$\0__=߈o{F8dNBdyY9J۶U5OIg|zwu5-Q\"2W\'\'`\0t$^czx^t\\$K!c%\0#Nӌp09|K_>9O5䈃\0(\0<9֩;[mcB(M4,ͷzMy	<4S澯vϱVʾ{_F+/	v[u(Ki\'q#;Q־W-w&x^MxYlI#V\ndb<\0P3ח|_/|u/\'u,oiK_D#ɺKtP-Gb	?/VqGJF.%H̹Tܭ R@	sXSMXӮU_lb8mp;r$>lنsqM{~)NynL+8jP^7^\\h~\Z/4+FXR-JeQ$$nQZQt\Zba\'\Zml\',߅_+\0;9>>\Z鹳n\"ڃ|dsqX\0?-~\Zo|=XGoqk%\r0Y@@O*ge<O2t\0/\0\0(?j\0z$C~-\n56h<#kW@y8Lg}!\nO	<Q3SBKܪ\0/X\\\0oÿ\01~\0M~*\0\ZƟP_gOľ%[e->Ac0x##}yOۧ!Xniky>Z6A\'FzP?ſ_|7җ[{WLd.B|.IzdWReM6Kw2H%Ll**&cܟ\\o*&jڔ6ia<e)YȦ&Wx\"_yLa\0wnys)Ǐ<o~~\0<Yx`kQ%{IJbP+0q\\Y;᷉-mɥڮuVsͲ9dʄu:玕ߴ?O]K/O]s	#匊g&\\rI,oR~=CSӅiH4{	e?7p1\0HO5h?!s\0^n~ 7\\5;5χ\\C$AR=yP?o>~xi!,T[Ncsy9ⳃosѥKٟJx!LB\Z}Eb&dM_c]?j\0@;\02\0?WƟW>3kz$	-2L|w>0/>rpOCҼYyBx=z<MumV.HRuDGrW +uF`?ƽyTNHa&JJ\0݆cinDr=ӻ:\Z7*5ѵEwd:r+|CaGtDRd8O(c}wjxim6x68O`v\Zs|>jOun\0u{f>?|U\rhnlʹsQDXEio@K(\\~.?O\0NuDOGX_It\"eaggݹ+	q\0&\'t<-\'F8ԩ)Y=l}UEWY|U\0_臯y-1\'qv_O%0\0=zPO▅,Ϊ>oOC0}k8PJ-:pn$G 7@}+Ҿ_\\]j:+#$:`׵yF_yw\\^i3ǝrzVϢ	| 9`\nPI}ԡQr?O<a%dݥIetnҪl%N\0䁜c	࿍\n4?u[_K[.C!˒I8\0|ԣJ,vC<q\0E\0o^ |OEOÖg<+ag$i\Z9gR\0=GQrzTwVM[cgj7\0_%~O|ë]kVeq31\0/O^1~|Fⴺr麊\ZUĒhdHHYN2W\0;\0]c/x^\0\"\\N\ZX,Zbkv	:W~OHIk|55nw\"\"L\0`(\Z\0D	R36\0a)>U?\0K]E֮${TNmVyt/υa>xzYM%eRB>k\'nk\n={ki-4\09\'s黎j\07o|7X֬	}kbn#vPF\Z\0\"gY؏\n	\'^e_\',3+Kս,r\05\0+x[IiA\Zp\Z3ꇡ<bg\0EY>#AO&$xϘCu1ҘHa@kMIIY^.\0BZƧc,-䍵$p)u4N+U.mkgU#CDëf\'$6OҸ\rKxEl?ak{kK,LwqAZ`\07\0\ZB/<5o/K=wĖLYjB3~ҾqE|\'5kk{{бФ9\0+߳\0|cxvڕ%̞/U=2>k5W<_O,ԼCV$[Y,	is8|\'5柳:_KUZUЭ,y1״gF|0g3uӮ ..y)oJ\0Z߳\0\'\05xw|%s~w-DZllb.|p|uk-h\\X\ZsSѴ>qOox\rʩg,qm\0NqE\0mr~|^o]OV:%G!󶟽mɮ&n?m~	ċ-fR>!k:TPPVWckya\Z\\.u\r\Z:GwR4A~)?[z7?kh\njҼTg,䓜~1]ޱ~!V${yJ2XЖڹMwƺnSxZѮ-*9ly?+дcDYXC&\\HN}y\\,<Kq[k\0\0?^=񖙧zI pM%s@$LO\0w__/+׆t;/UnLO	_!?\Zm\0\\ɉ2\0.ǦUև$}UEV-WI?y\0}AY!xY$zKa\0`{-(_E\\^%#zI`ª*N\0<p=Pa{r眏L~5x}\nviׁ00@=#۞3UtEҬ,Cenn\0EPS5~	[2xY`GJQɹ,?	uy,k6r1J\0̤_~~)9l\0*ltmN-=Gۃ<Aznz?_wiXCgug\\,\Z,dnfW# Tj;uYէn\0ǵ%o~$|zÙtxF|H	\n9\0\01\0c}J?ړ~ӯ\Zff2}\n,I\'9ȿRO;犴?\ZUh\"/bm6z)V$H\0`i?I?~+S{?-z\0m*mKk5I7 \0kWN~cvܰ>Ln\r\0+ZCD|G\0`\0E~>_ulo\Z1{b֑V9%Xpr8$\ZE?l^+Ò\\BຼIp`\06[ͺa\0S?Jg\0U?W}eW|+ie\ZX\0CO4~қHM[nb|6Gwt*o7\"\"s[\'bԾ\0qk\0^G\0A5\0\0۾\"xJSEHF[O\'>%넂vW;\n\0j\0\0%_\0ѭ^\0\0\0ڷ<U?úm-lRN$P@vZ\0qWkF?\n\0ovc@>OJw}>t\Z|;\0\Z|./k:WvNA|OAo|e2sAu\\$\ZmD\\3kڟ>-i7~HyӴM1S6\\:W}/q]O?n?h_MrHAqN}v_\r&ό_\n>Kn5u#83I\Zƺ~|F_\\V~mʹav?<5W7~.o>5[{(-jKƼ\Z3&|Gg}A[IptO	(<*OesP>uj_SDC\0}Kg,/5/MƱ|7vidYZ__zv{hjY4fDYf\'R4-ҾmH&:B.Fo4\0+H׌^߅zlYiAx\0rT`19[mv٠~о(}[CsL?3y}\\u/Zo	_XB>?2gjSVyN,=5R:\0s4|$&mTmbJb\'\0K_	vMXWl?{Qf\\b\'\0Kߑsz>x}UEV9|U\0_臯߃\0X.&`Xj\0$\0_WV7WcV|}zִIu=w+{j\"HE+isqԌץL7v:+|=ko{Cgu ygc[zgZBox3һhRm˩h((OvYC3(3bUp9F^qïk:.5(Oive#[#\Zmj,8<}qMPARñٌ~)]ԋ[+(}so	Xe)ŬXL)	=N\0H\0~X8n1.s7`l=3xwStoP`F0X9SqߒN\0|V\Z\nتDHgyW#i\0v$w.}KIZݑks-<Cw ||*Oxn=eoZۛXݹKu\'}_͠\0o^ı+X}#h,#NWZ}\r.|O.r\0qJr\0#4(aYSQע^g|1\rfF.e/qm4!Թp~Sծn|>}Y-⹛j_Aa]LGۢa\nIP	#[оiv_o2pz\0I8Tu z/$cR}.1U\'xZ.Z-ɳRGu2fbv\06.}[\0c\0NOq̬`6HoT1w~)-$(txVW\n@ET5V}8ײ6Z^`T/lu!KќIge(ǙԿu}>cޢ=\ZtOob!tId䉇yA\01~c/	qk9dV%e ˂Ai\n>$mp9\0~!ZE~1)aAa/\'j|[+-fPD_e[o@v1r8a=kXs|L\\ssmm1mcFf0\ZE|C.e5VZ\n$ny(Aw$\0\0+(ǟ#l>#O݈]\"XcS\' a}\rpVo5KDGYWu5ŨfH܃,>Ec?vwG̟|S|O𶁧xX+M>ӦZ%`\09+&AAYAdOBt\rj!k:-SS]~є?>\ZR>Լ9.{ms\rl1H]껶\0;8樑\Zg\0jlˤ2@!_v_\rWax=oun^	)RRCG*c#|Z+\r:D`ZRF@ nN/Z\"&yϣ}VU\0s\\E^$|V|ckǩam$st d\Z/|lܞt|7z+i>k]]vAlv 1Tk\Z7lJƀmN9=5%FpܪPr76卫|Ee3=\0AZ\ZOy_[ܜ}U?_%æ^ޓ6V@7*v`ff?ZmI,k렇(\\\n_iF\nSvvm\';wymzgڿPb\'\0Kxž/gW]igl=s7#\0\0e\0q?:]]e}XǓUQE_%0\0=z~o~#M_/_%0\0=z{5wQאLfxlnڧc8evi`pr\r{>M>)UdcZ-MWF4O==AeV2E\ZHƬoBXyo|v	Q޼~Ht7~Eldۙ`mZ\\pv\0\\cXm#e=qJ5Ԥ]JᳵLeUz\"#D	Ǚ!˓\nOXi)v1I95Yt[LgwʃWᷜnZ4]Z\\]M\n%ƦE.ibzy2JXw<F&kݛSNz>\0)W	t5%OmuXamyfa{uW\0CZ%̗pɵDqhXm9<ǭxdmgp-^X`ɳ#Hˀ1ҲrNP]?_CM<EXUj׽Us\"\rF\n1|beW-b[<\0yp7}1gMGW-TnRGo<[o\0	_46`wj7aчp~XJp\'fr`*T˱*WViI^g͗!u+oo\'$!NI&|E462ǩWjtcG9vvƵkPHG\\BU_jotˍ6ᢹH.X]?ּzT\Z~¥լ[y=Hu\r7vP+||W_ĽCĚM>>\'H6vf/1aUkb\"慹奴]Ȁżs3_BT֒zs̰::&x{5+=3+8QKiӏd߼8\0H>Wùhgӛ@P`$C\"ǬZy7lM`r\05Cw4>^|)(`x\'o8\0sGxC\0d^Ŭ҈gTs\0ɵc5dbJ98L|`6q\nV|%|F֚*K -8ON;\'Hk_Fz\nєUOG]%fi%\'j.q¯ni\Zt\'گ2I)U\0G_^kꯌ:I\\BZymTpqO5ۯ\'v5\'2]4~\\1rk.z\nxxZ/m-a9Ng| ig~4ֱ̊\nS*+M*hv2+㿋|je7aB9g\\Ł\0}c;+mBŽҐvɛ\0#A:WZ/Oo[EB9Xo|F.O\Z|+KA\nďѦ$@=k˵=6q؆Jp{##Ww__w&i-5.F!u[y|˅! [<^To/V%<qbteT0Xp;/\0>ӕ^gU\0{j+0}پ]\r.9a\0\0e\0q?:]oK:m3Gh@ +	q\0&\'tJ)fy\Zr>*̎[\0\0D=~<Z\Z/ş̯!&\"\"<qοa*\0/?CGi5߉0${c3s18\0٬>XT|vĺ]P)pq0>k+f+$v2pKGԂc=k1ǢFEKI:\n֥Q\0b\0(Pqh`{t%\ZfpOVGmǫx_÷+a{7ۀ9T\'o&?-tشSJ#n#+)+5y,3\'X6z|0(]DhIlP\'\\%A1c\0`x1o,38ްO&oVh\0kh5K	\nDGL~kO\\}-$c3$PI?ZJ-u9U=̫w51)\"}0~:[Nx{ŚZ^}|W9\nңv/xT?TdDeecxo	DVƺn\'J^WSN\ri\0ƊVd>a2y\0zfZτ^$ю99^$?{>KլdZ\"I$\nbM}I~V+,{y˰3eEPA$p7.HȥRbp}4\r[\\\0w\0眓Ϡ^iK5񇁚>!\Z˺/;N(0yOMå~\\>Wh\' ha2RCھdW_`_b>tHq5tJZ\'be;Ok0ge#t14\' ynz_m|xli^ӆkAxfr[$\0h_W/ɡetFq/ڤa>Frz^\0<=s!)q{\0\0;uB}*ތCX+XbJB|]a.ۍ[]Bcc#c\08;#\0w8ʾk\"񶯥bLP(\'dS?5=(oԯIdo207%9$c1QWq	:.$cw(-+wڝxs[Fzr:`qpk?.OW=fk\"ܑ#b@$\"b?|&6\ZH0]F-9&U,mK\0`kK^ե:Qj{Y恪~)\Z1=fy\"C4$iPNs	\0dO]j>D#\\\ZX\raۑw\Z,:KP-\nG[&ye#*0	<Yx;T<MY5е	V$,ZG3YnMykW:|mߧKY\nj.5ck_ƺt[mdYc	Y~|}[/;{B;[[sYo쟾iubWqpa\n\rut4S~$2$c~54znZrR\0.q\0UFT9$iy_];Xem\0>GV1:΃qZFG\nF~3CWt:>\"]jۑqKIFI\0}Ǭ^@w;IԎkȾ\"Oriq-9D`rO|߅w̫:SrߦGW+Uס!hv3xZQS2M}t@v1#~\0.?O\0Nu~Hw9{j\0\\ɉ2\0.JRc\Zu`>+9oKa\0`{;oڛmMn8\'޿X*\0/?C\0^1BH?]eks߈Q/\rOn\"m.#3/$0sa\nMx\\Ҽ-czOY.+[oqF\Z9?xG8A\n|\0~\r-|1zwMtM}$92OveiZ}ˬiqʉ@ҨkDr!\'!TGA迴SCpѴ.oaʜ0!#dgpf\'CMscOj:/xJ8u{6;dHۿKG\'4Ռ*㞋㧄.XYŧm?RK4kas#_U]-lua:9c/Of}i=2\0žXHl;JpW*?qY^h\rFԵ\r:]74I b4>`#^׊x[fco>zUg(\n0qğ$oxkA|!cDYl5[iZ`ToG#q#خXa:]_7Stҥ)>VZ<_\'UT񾣢,[֣WmyPaku?BtkD[im#``5Ǒ\01z4+Y7\'?19=\'\0y\'«Ѿ$sIM\ZH,#ϐ;zbW~\\$:ycO4x#1sBOܫmsidKbF\ntE\\Ngj=f{虴N!-|r)q,%\Zjɾ:դsDh|\rAlq݉hԬ=5dLIRڤZ^ӡy]\nKXnki@+PN2Uo^0Að\"=NG3-Bg]׌ǡkxx-[*yadWly`z?\0\n?h/AMc2=Ƚn-\Z33<*qܧ<<dJ獞^jҿn36.#Դ}Nm6S@B#	0x5~.xk9ZݢFpsߜ{ߴ|$-R^u9zl=ͫCp[V*A:x<,b.Vh$\\8җwK%ԫ*_ë_t޽69Qⴶh$@01$ZO\"\0&`hse+{-Z<jvZFq_\"AQ<#!b@rV:xL;2\01ԟjsq(Uܚ_\0.M:	#Y&-\':v	;CƱA=I .?\0:U:@yY\\w\'ڱ`]\"VAu߭z4S6Ugecݼ!5mh\\,:m򘍛&WܧWb\n\'Sygs>UgA<_\0\ZK۽sB}~LuXmđ|lmpy=|Wisx469[9U)u9#xE%GwIJQ\'+?U|OTUn\'ugܱr*1	Rnd{,Aݷ(S\0ں[کXy\0Fq$y	]x\\\0\0a\"\"Dv3=pOxYVmoSˡ_+ėg՟k|y.ugsluJ 7;GŹ6-1CԴcgZPi:ݗu9/f䈯jHt`}jNYF-Ur֗zk	Zfc<IeabV+\ZlG88#=k	q\0&\'tͿ۾_\0p^$i}gmp\"a!<Q9#v	8~.?O\0NufS8BqwOTy*K>+<\0$\0_?Nl?2Mg;.oKa\0`{o\0I\0$qYl[nՅwh|iK\0#\0|7w\0hχZgSlΟ<QztRqϧV>|jF.ms`h@89ͯ4%nB{!9q8=ǟ\Zt<z~El{d.A 3``sߝ#5.ȿ\0\n._jږuM.0A\ZĈQ$q׮+W|7NxJt`kSmabYγ\'ƹ5;TԾ^5(+8<w=+\\<\\a_cheY66l@jKusձ.rlo^qV2jAi\0\"]CS]361E\noN-Fo{y$q\njE0Up֦2iR*\0፥I;Pe\nA&{k-JEv-\nvb,q_2k:r[Lng8¨\\ԯ<#!ՍO6o\'st%cg;ԜY46.\n\rGϹ|jQ]KN{_qpXvW=pGkcM5+ZRmp<U9^Lt}Jݵ[smk*ȶ#o_?P:t7_g[+;Jpsl\nB՜ۊ/#_J\\}=ċ/$?]2xe/^ռ?ԶVkfC\\?xt|xڲ\\(a[i~r`2>d5Y}>Hk8;?C*Ղ8uʔV魻wߴxVW46WnGmh>x&֖xo~a9~+a~%žIy:)&\nmw{9k/?oĿ2x2$\0Eq3B&5(M~|ymc<_~0nZZ_DCRI\'xʂH;G$xQgO^d{=eH̄g\0AW[GS͘eI4]Z\rq^Y52OO<2-e y\'8\nМc+YwğR\rݾ}AÆ5^&rSQ3z\'+_4	hŧy(Zi\n!1(s^QwvxLI+lZ$nYrԒO~a8O[4SQmRK>H6>r>]k֓\0ĎbW(q`nᱵ{VO<8?Q^77ogM]5·r䙞E	#][Г\\40vυ#I5kG_5w⧃bLof\'_>&ʹuҟVHٔ~$_­+\0|&Ru%\"<aG#џxoL~yk6ݧ=r=@|CG9OX$nWoWպIӣ}/4/JZs_+\'Yn/&FW؟8<1yYk_-5\0`C>FăT>.\'H֏+ZMibQՂ(Gy@.3]]sɏl56vpKq_{tb4\ZDsؘ%9ʏ7xQSp#m]&N֍#Ye(n.[Qי!6q\0?C__K1?_\0ӥ~MӃWQg\08	q\0&\'tݸz<N\0Q6Ϫ#9oKa\0`{wS\03k26QBȱ̡9\0ɟڿp>.aOY]}zm~/He;c&^2\Zvw?B[\nB(KD|Nۈ$$z*\0Iu,5xڱG8ۢ#D\0wǞѢqv?Pn_	OzHc!\'$2i<m^WߴGGoezu[GoKt&hh\0WƼ;p\"/\'-/rTP>fvS,Ͱ-IGk>GeD-<viyE|Eg:|̸Ք6>½3^!ŏi`H-<Eӟ@ퟮ}\0\0Z9_~\ZfC!?W<,;K~շv~\0h:hσ\"\0c[e@d5/9-H<XPj+2ڳ[C>\Zs(n??h\0\"#⇃Lp۵`}~\0Y)a_c{\Z?7|Ga-zן>|B#+V*mM+]Y\'W@|Qq:`ۇ\'$q{MSkc_Ε|Hu+PeXgqqoּVXY|W}h\\;UR~Q[H^}EvSO{WRI+}OZcI&.\0\0{渝O㖏%5fN<\"c:xa(-ۯ\n\Z}z{zWw4r,:s_Z]~ݶ8\rԛ\Z~G&aҿ9h1rEc)r\Z=>m·*N?Dp4o5Y_Q+*[zB!%Pv\\%v)##+Wd+a\0iG[{?|qiF/{s	\n`\0\r8\n\02q\0\\ɉ2\0.b\'\0KZ4B\nzj>+c',9,1),(2,'PES',8,10,80,'\0JFIF\0\0\0\0\0\0\0;CREATOR: gd-jpeg v1.0 (using IJG JPEG v62), quality = 90\n\0C\0\n\n\n\r\r\0C		\r\r\0,\0\"\0\0\0\0\0\0\0\0\0\0\0\0	\n\0\0\0\0}\0!1AQa\"q2#BR$3br	\n\Z%&\'()*456789:CDEFGHIJSTUVWXYZcdefghijstuvwxyz\0\0\0\0\0\0\0\0	\n\0\0\0w\0!1AQaq\"2B	#3Rbr\n$4%\Z&\'()*56789:CDEFGHIJSTUVWXYZcdefghijstuvwxyz\0\0\0?\0Ro~\rLt*Ğ*\0xJ\0\rh?u/[2\rFR$$Q;@vSu?QZ|3.\rj>(?HtD&I#q#op<#x_|]:q%ޖDZ2\\Kl鴃$k|Gw\07s/+AyUyZ`q3ejf\0?f\0o>Ww4,J qk߶\0[Nǃl|a-QXF#\r$mvSoğk3b?{=3Jm72p@I*Y@	|Su:hx<)bcp4дI$s@-o?j^þ:vj̺5s%v{/B .\n2s})8|cet\ru$vWL+nV܍rTk~̾<>f5\'EV7,AhUeBrǂ3s}ZOa]]50Kpʪe`\0,B\0(\0i7߈_\0f5c Exh0uЏ/~<\\n%UQͷdS]S_\0K,qܖa8kQK?*ٵI+&o3`_\rYtI?ŵS$AM\"%O1|q;7`z<U?IGrx%@$}QyS~\0Qí\0]%}jC76S	l2*[7zK:=ޑo.`*^Ut~h\0Y~<}ͪ^jl), 4R|Rm-v5I-[ȖW#C#zu_\r>#2MKHOӬ<+,hhu	?{?I-$:iimj	a7yLaNcz?Iim[^I-mqYH$ך\'>\rRee]n^;\n9\rvQ2)\01h.TԿho&YLmZbS^<2O1w+F#t\\2k)w{\\-|>aFZ}_a+/|S],5KKio6pjLlܪ})e?.FH{c,nೲgycUIp2\'4|S-<{?DVkpV1-3<nʖ=7p\Zm/ý^Ɨ:١;*FNaQqcN~Ls<\\w, Licq{-$$|$$k}wᗀZ=1--ic,̗\rEE9;<ޝ2sR4o^)]6vMs\r\0i{rnf94[Z]>[+71׆mxd9cOZ\nPiv\"OXd+E##jO8+?^Bio&y&I<(αƉ܀\0U$xi4]K2hiK$K!\0OkM\'%ӡƇ̾KUH^E+\"_h<O}\r\"H{8SjHcюqYx֏oeZʓJwg%[w~3uUaO1G31-\0#L(v#5MwsxLiZo}-ۙ1oԁ[vo1׼A?y\0\Zymn3p|[0&\"\0]^As*Fqu ΫNֺ}um:Lr0>\'=x\Zut.N#+R#c#һw(P_{|o$|.Q\ZN+J7gz\0-\\)Q4j/\Z?Uུ>e/rIZ֜%kߴgh/|ae[1l,YAwbHZ>eٯG$+mK5DL1_,*Nx./JE&*I\n\0)e/58JeX\0\0Co/K\0:דzu{C4_w9U}sltq0 |H~E5%/gX .@IUKg#^= c-?{T,G^U+E8_/r:=̩{R|\0h1Y`%Ha\'\nd1\"ֽ\0X->=H-rN:|n\"V#n\0k\rA\\k$9Oq#1$\0*^<vHh|C:}_-ep=\0?J8,}f8ET_jy>(⦩.}fKd\"󌪠 s^9x.qR?\'Qɷ\Z(za+npNb&l#܌c+ W#uvU]gT.>&O^Hk*8b8}kP\Zګh~ yywN]APv귲I$)\0_7Uob֓H˚6_מ1NjV*Kt `OVkּq[2OɁB6$^ŧi$l\r?ĐZh0oMmh@N?tg\'ۊ|3n[!S<紡KH1r>}꺵ߞ<yRǁo|J5\"Q-$hdK7^1Wו+VXs\'[?B#5I}3UhǦ>_W݅t [GtfUqL2Ł\0+=.x,|K<v+:⟌.J5J?UT\nk.\'mz^ƙu9]9o$u?ˑ\0-[/toMjdo3#b<\'5~$k\0T+?)ֳ\0a	m#͟v[[cH^9(\0wD:T\rk>#/4PFaDp!|I\0g}kP\0W/k6	!/\'\0d	(3C=HaEf@;rzjw(.o.RhCf%!}Kx]x_~FogS oU#0|EXY\0Tf~]xXu/_=Ka$cj! .vrqUxI}?Y[8I$e2x~\"x5\0q	!x>P\0Ӷ~K-rj]jV)%\'<NITmm{kOd?0@&}{K	Hד觮_z	ǯ5M\0Vq\ržW$|UyCKy\0y<A`#>)OU~8W2yu{s5̟;縐F$\0i:n1d&})EW9lK/^=>\\Zo!<W䤾\'mO?e ~t-	|AF	\Zx{Pff\0_>=-Ρ\0t߇(Rq|U95$otp4˿їk(!Ar+t7.a9&#\0sTבej::\nx?,vGL#uDO5&OsѳBlʳ-MG22Mfe޻Emyp]G+rVON)u6>/}*@n7WxZ-nws\ZWQھ[{u[};KY\rwѐeZC<nť_ЩϞW?x}Q`Um??\r6Ś5{+s\"bSwn@}Aπ^dY<݀OfWR[ǘhpN+[Oa$tau%=##2|	Nm,DՌc_mf;\\$c?/kof\n9#=;W\0mMn#.N9$ǚiԋx/G|</ͼ߾:tנV4|6\nxp1U[,Z]j,i-3˃\0Nk<LY21W<)đFRWuNIFz=<\n&ӼcOy\\kA#_5S9+eyROCm!OsWVK\r!\'j1yqG?Q1rNMtޝ=iDٽ>\0f1BjEzïRfc-rTvF+Wí#GWPKKcE͞iF\\H,/٣o_\rI7Z`ȇ{O;`8RC0qO!Z-7w).%FL\0>AF2A)Sw+m?(4Ӯ/oxkE[OgVGqH1w~o~\0Ó|KnptXOO|Bz~J{Ց,c+N0<Dv\"\'s|Ax@wfH?v9e\01?\rόt_xrVgbj \0c8?>59eOB@6s\"210O\0T>\0,	_L52X|;e#גl8S	eWx?H\Z]]Ž#|p,{ӭ9FMEG~3{QMLvMgm0a@8z?o-\0zm/EZ=Oi,FFQsFhi?/o\"	.6U<0`z~%[Z+)͞\n>g#Χu}uS~ga\Z\nj|ZYC߼o,b)wo#C4LA*H# ܟ&\'+uvW\'Z$EmeV\0XUHJqqN׀AU\'Q OTbzɟB)/?HQE|}C/7\0Hv+M*؉%Ut1D?\0#2!ƧIrA#\\Gq.rkGjsM/kV^}SBZDW,+$YM?+BѭynZg$~5趱6vܠu\'俯CvsV\\m3F$c\ZivoǰtqW1s{(#\"9?1Q\\♧K&:Wm(%R,}[KhR@k?\\Jpxy_|w\'Ug4_0o9BW<Ñ}⽯cQ37/!3}vPTX\r$ug?pK/Ƃ?]_]k﵋eݜ_nH&jat=V58{[c\"9Oxi;MZ|#k̞%7rjz՜FӤ\n$@G+kQO;?3W)(Ws&N֭!Fce ׅ?iV\nA?[oWWIY`ddMu?\\qƩ$UۢUAs3hrKOwOu}֫%n, f\\Uɣm6y/nnM-wX\'<[I5߇5\r?	<;s:.¯m_c\\Wmߌwvy\Z%:d6B\\ϳ1z9s9&rfR[[G\'bʧ܃Ikھ4\rH+jE5c!dz\"ݟ߲m[ᗍ줵sOMXO0D/pk$x-1ćŚ߇\ntVU`FVR7me#i\0rG??5~^$xZ:΃+9U9]cr5MO|?DӭXM#K5vI6pN6>㫇7{hLj{3|\'tzl2{>tr\\n9㜱&ox[Qα}z<@rND,}0xcFĿ4}#EhnP(\0Π,k7X~SУ?nt/Ҭ\0I&&IF	?u	ԖSo&oSOl5-,Yq.Pxq\nv7QQ趶c+C4\"}avU>=1O1~H6y5&&*sЩ)*ø$\r~rH<f \\C)7s3*4{Jsb𳿴c8\Z6~h~2ס\nA	e9Y7`^UOu;h{]^1-άV60HVv:*=</ğ<9:nHRBN׏7;Ǩߴku5\0ݓb6?8P3xˆ#Ǉ֯.JqgͰXXեd}>G_ߊ<uGnt;}d\rѩ.ۂFXKlя\'~O}<\\=f[f|y,sԒz\0\0d?G#k3*\n]\Z_>()uM((>9/⋠RmPn$~	_si_ٟ܀S:dvŔo1$v95S{V2v]ŷJ͉w\\NLaYe?1\'X*;t0(m\"21^@NqLV%q\nMIKws1tHcq{d?wM3	\'[Lockk\0wFf)z#9}{WRt*`QE_!n5\rVa\ZI(&,|w(渾Ӕ[YRKyO~(ͯxD\\mN$RB>\Zﵸgdq/&)q9㌟ҾcR30iꖟq?]F8nRDO\06AϭvjlHdb1^x͵1Cvf];_:}J%lGsu\\HK5-|5ica(*ͼAz,<Cj%[\\Ɛi-c-(fӍAWh>.}2%,F1=ύi{f|?|`1PH `Wb=w	l/X):~_\r\0ZӴfS\0ix2\\ċwRj$x/	\"/g5FƗu.$rb$4ҳ\"C-Ҿ?n&מ!d>\"ܓCr0^X7\09MόMugiz\r)BaYbr$¾	K}&\\gPӷE?.O]|5<0`	ī#CAsEdiOq\0o\rELxhVy\nb6<(5+YYyϷ{ƿ:/-*Ɯrڌ)u{*_a(O;{u٭{?7 2^[S?\r),`:\0eWog4nE,mU*GPA_	$F5O\0kvZ\0³R(oGP8\rA9.xk|7f|5yW}>>x}ˁvzGO>O5VZ4^WO?/nwI%<:溯\0aq[;0m[OS\'ҵ	tjռg]Bz)$K\Zԁ_OS{XHyOJضZE\0δ5eNLp	[I1lbISΞ!͵-c@Kͮr[<\nrYGtO./&X=|u5CǦ,Iequ5J}hy<ѯ_R0ӈ?a&b`~eAo=?i_j\"?Sk\'9՟\0g?\nQ4/t#jT%3*rX_QE|iG~Ԉe>.xCW\0{Zw-,N>mOŦNZv5)޻ꊋUr$ߺʳZ-!WrR$XQ朣uX\\-s,8Q+zVƏ-_^th\\ ?*}cYC[5N$ڭgs)zGym2]3L6	Hc1_`|(u&\rwƏ\na-c#R\ZƬN[h氍xI\nb8Q.ONjE;?4Χm[tTB	ϭy׊O왋xѐf\"r@QL]υ|+!|GZOeDFgجN#q𠶱{iw1I1ZY`׃úWN\0\0)bcT}.zEm7Q{I]z*|LmtyZrYڡHM_ӥZafSz78q%(ט!I#kf<~Ι?\0<	y/ #jM]sZKz|KZV-p_fE[nQ7VQLNbn_l{z	s9==_/M%t|c:h?w{\0LԭN	/^\0ެCIH3+WZNWQؔ0{yn+꘨OџGrԭGU\04W|E&*ɝ0:~lnD ?xx+m͔wB/FӧU>L<(͡gճ_-]ɧ_qme#߸W\0\n=h\Zu(gEm1k/\0C2\r=\n6x\\!D`J܁kv)iu0F;YK:.Qjh~O_T>~|AW<N\Z2I\Zȡy\'~V=wlJ7H8kg/^<^=̌%W<=zֺ?m=mѧhcx{qz)*X>Q\'⾩AE]^6Q}ĝ(+vzX{54}[ȂRN\nVޏgw*cWHҫxs\\˟/g5ѳLW%{$qĜ\0+ӵ_^:>;4tŷ賘-NO[sSx^ZC\"iaw*Fb-+|;\rc\ZOSEGSJ4}\0F4իG\0N>k4\"_l$Nff?LxS)m\n͸^	ϹkumKS.\"ȎKl_\0N\rV]o1y{0IN:j7@~35RxhԦݶg61SqMZ(>\0ژcGQ_\0H.G$\0j6\0\'E58sebn9Hbp\0ɧYY\\WZA%#T*$fىtk<E(::@>x,G$[)e,&|/\0dQ.\rH3k\ZO\"F+A7=\Z;k^īF8g?:$\"n9\'\ZGM;ZT^^6~\rp.n$MN:/RSws_ş\nQcq5\ZhFn}\0E]\"b=rSJRq][N.1/-Q[g<)o6,ׇ59wA7\\4xTf#i\0ޙu\0gh0vݷeWJLOgu\Z/tT\':eı\ZFsG\\{\ZWG(5h2XS+ELukhҺK>G8iѤ\0rj.WV}ݏ~\'~ڷa\0>\0֟	\nȪOUI\';Z//>/z$Qrt.PCھKF%gk}GM	cᑁ_B\r|T.yjyf6Sww91FmO^x°1-nHR\0%]xx2Kc𦉨jWm,l-^I3o)?-+OBPȹx϶{_Q-ſ.XCRsT\noSW\n>n>?|CH|-I%L\ZdT$FrNGyGC+_	:9%hDy2T_ثߵC_n	<;c6뻈(#%]&\"\\qk׆]-k^G0oBRI[=/CYyf=h񐬿.⠑&+\rxP]nmlZtPV%W srE}/o\rDD4)kԋo`)pK:EXΎU[>Elo~4C_I	])0]66J_S~Z/\r΅\0?~\r\Z݃sCeNx Wʞ+1iv]c֪|qG43h+Si]֚==GδY|p?\n]\"!&s־Q5\\Z	FHbeY5u(Jp*˖].{=mi<wO*kҡ<l6^!T1\">\r\' +4\0E4+b7BAWOѮY\\6eS.OUN\n-jԪ(>G9>UQ*\'RpW\\kt~,hKM=7v|Y1*#kZ&9-^T$O<WڟgSu:ki=}-%@:rsq5r~\0\nmJX[n{Z+/+q_q2ܚ[K.g5}F|K6-{ũgQ{UxW~j:!kL\0Y>(ekM2鲜T~d^+1\'eՄp%jP?Z\0cɎ6\0f8V)c_?L\Z\"o0]\Z]ɟPQED]Tɰ_\0?X\0)+ҿژgc=|\0\0#!INJ;JOuߊ:wvSIYP0aAW\'<cG\0(/j72YmݾI\'9u_fXy77S6>+kw\0~\'xif	*\\@ގK0#9]k\0#JufJRQ.V+\0rA^CO,P	 \rG G{_O7WSM+gb2I\'z?Y[xP\Zu䚅34VR+I\n0\n\09׿!Ѥ\"@Op:~Y0XGJ=3|#f2Z>]VI߈uˍX{QCp*t\\j3nC?6\r8&2#mp_٘5#d:}gRW_\"	SHMQ[ʙk\0v^\'vFq~B<VG?jk_4c^KHYu>߉R;+{7-m\'>S^n|nHrs^Q/)\'c6H\\|Ҕ-wGq4K\r\"B|&kbEHڰٟ*SyxQ\0mkrO}*kD\0Ezg8?\'ٓOZŭ쐫\0Vx2*b%إ~Ts_|9xWOX-Ac6ڭ~B_͔!\0\"@jxFl`v5̧S5o3\Zi\ZRz;_kߚTմF, .h\ZJm_(@OoB<A,Y粚Bq)Wps\rxſ؍-߇W_VPG \0}k62=mB^[g_p>յhٿ\\P]J܅^_QOmQyZl|g$}9Z\'o\0^4>\rr.9!chk7u]WUğ4i\n8[ݹ|*0y痀|!O텺,$hI}__h/_\Z5xK\Z|gsR4mᅸؙ.zsJV{t>f\r,$rק=/\rxQ5-n#p/AJxBFv4@Md}I\'$\Z舋E\0ױ}CJ@J}k⧌4B\n>Γo}7/\Zޗ?h3Ѡ\"=w1oT#=#dİkMCZčIk):2UAs\'m*X\'B7E~):vz*@7$=\no-!	(״WٿnM\00~9?c??q+?\Z-Vm)\Z6IZ}Q5|~qԚ2Ɇl_?6˳*XT|ӊme[(\\sjٟ8\":^-=Z;hY?HW\0|!\0\05	~s#סRtMO^4grvKuAwN	@_\Z~<9kS\'n\"I)?^WM6b@hfmvV/=+ugg*([5ţ۬\Z3U<|e@*?ExHWn0+Z6c\0]{n\\mmx(aҍfFlaxCK{A-ǨP.\r, mJDTi~p?\n/%Gil먿&QV,a_X{:}W+o𧇭hU˟)X?>+C97&|mf%F{Y-IlV#I룣jZN	CG +)\"IcPB3B̓q6\0\"Wj5l)Rww%?f[.}iE-23\nX$$xV\r:͒iZF\'}/4=KI5LђYQ*[s׽xG5\r>ݭC .	ݕThMz\\ϰpHڕJvqi]d=KWTFYjeO	ȣd_cWꮵ*woKhtԡ/$m8~>/|BӴ7U9__\Zf$I\0x5u0޻|HG/4}RXѣHD|pԏCˈiuV!Gɟ5,[WV{Aw\0#3xO2	pųu^!Y$4K|\0o2L~}C\0#dzĈ~XQBƋtU}[VzV2O־FpU;\ZPv?A>![) Fe{}\ZQ!윊\0uh:ou#+	aJ|a_gIakx@ճ\Z}n<>цeg8$i\n឵qg=b]Ţw܍zoҺMKVԖMaT\0io᏷\\[0+&@\'J7Q-prҹ1xWNtCj	uωwAK}~\'˧I?pu@NnAs/tu	XSnti>6Z$X6LLPQГ_ 9VIqNBRLgkDtrN?Z4.f{7\rY:\\$E9\'_\0NBMW8w3S7\"\'I.nH;NI@2ğ}]WbU+R9+(GS^w}=EW{\'	\0p]Ն_Z\\30I{+S\0)-~\rhsi1 [{X\ZN)|k7\n>%ug221aOڋF/[[2$,]ʩ pya^$4٘2̖˺6)U_([ied[r?$~;yZٟ1?q{\0T|VmxPH̤s\0xⱠ\0@|MPZ_xY߰Ynq\0k\073!LMƕm9I.&<)d;Qy;xo]SxffnC4AL	K\0q`nI]|&.PY*i|W0H;5-#Sg\'\0WA\\vs[K|9,F%ZG#?7#N~\r|3|s)2yu#>n.:[_\0g~R﻿R@-{\0izN	4\'QJcJ?>/RүO&v*\0yHք_Iߊ7<\'ӜIs\0k[M`{MޭE嵣ZG,<*F\0p?ǹ:	WHyχ\03^5t>_+cП,_?xC)>%-~\r\"wH˲`Pv75\0b|n񾚳^uy%`W$Z?%o<-\rώ<?xQc\\7v1Υ\06}%[|O㘼1ko}i%.2D	8H9(a2=j2TVϑ<\'\0}-Z9K/Xy-Km\08M^K\09<]=ľ>_\0\Z_-]H$$q(h-]O\0lw_]A]̫:o|jR+忏{<\'\'I4WOS/ysGq@8?2=kX\\rFֱxºߋդ-83S>#-KfІn\'<cYt[M\'ÑMmUN:Im_S.;GLLFzvoVrZ~~ݖ],%\Z<|UY|MsSn6kﾇ%<4_$p9TuG{|E}[!#q]`fsߪsx3@/DQfL4[\'`6aR6e|caҩ(%zRqw&щ(9g\nKe,`}#5H\\n~ס\rյ1\'jr3Uα]d$F!p8ע(|6K#-\ZqR\rUYסKIm+/{=PK[ZڽNCK|Uqj7qFx2G[S\'Vo?&bFu1DpA1??zGu^يyqzn>]Ui*I--{}癓KRrRJjn*I]ەium]\nx]<S\"\"q$sPC[\nl\r.n`O5H(<OV\0\rXx\\MxG\Z(Am2{JҮcUbeN-F-C˸?*IG:Nz{e\'veo6/Z7%o?V{M.Bznk7Ûodɶf;sɪ_<G<_i\ZUonK_IUy9kV?/|,0\0zU9Ԣ&nG<#9pkG	?\r\ZRn&-خe.bFnY\0މ*\rF<z夢/r|Q^{D?&D{d5Jz{0?$\"m?h>N__\0%%$q\"ģ}R%\ZiWzl|}Ԧ_|?MM\"1+#O_W`\'=oKe\ZqY3,;~f\"?KYHdvd\"\0:yMV)<mIFx_Udt<2pGL\ZVQnT*pYl\0?W\ZM̷:NxqN\n߻DFN\0joZ>>xCE°JTɏc3I/ǈ<4\ZA#23T,nN]0ݦyowZà,om\nL\"i^@!%Ef-\0x5->g%j\\7=R/[Q;iq0b傎>P+76?7K\rf>\r$m 2e8+Vt}Sމ[\Z\n[Zݤq2}ƨH\n	<Ut4O<w\04hcP%C\ZHƓ\r:\'w]~\0o~6דE<WtǮ?^K><<gKfD#Q8r==\'/\0i~\Zi)}&]e(mVYX(BX/Q[A/?=7-\nl\r,n<9?$\0ucmxe	.RT\'Gz6\0x`[\0fC⫕~Gǿ\rhw1NOUĺMxmqI#F7Mnȩ}yOS׫inwn+\0F,)V%mCRIf_?g/ĸu˧?joఌ(X <1Pk(\06#ge22ǖ$A<CI6._Ou{vgwnX,91^|Kh|o{NmCR}P[,	<EnPA fs]FN&tӒZ]\'gAG<\Z\"EHr=:\nK@ȗX=Bݰ>!M^?l|McwGXi.\"L$1)wvjc񷌴>_XjVzMr]OBcyDLe(`+PVU\0SLߍ2qzU*(<[[~;Iyati)v rOO}1vJK6E> xwW_͵\r\'J4\"I![<t5>~Ͼ8j#ķ&y8Qr9!0SUTFR\\C1BN[ZՓ98ms\"\'OW]Xx#,F#zQ~1y{m\'m뺪6qw.JZ@.]b\"$~:ta<AMⷺ,I̭\0 2kMYvG⼳\"Ye8i*V术n$ly;	jɜh䓏S|nr\ZRHh72\0BÿhίᏉZ$Т\Z?--4 e#eUbGc*σ\0d|a5xOfg8F $rqlrr+ӣu1qJY#qM:=<6R\\ӛ{Dχ534dJYsc}9I7\ZL.\\Hi?mm|[m4]+Y˩(R;H9/\n<YX4otص{il.gIHD6(½ɈϸkBr	k䢥\0d6l)\0\n~&x?\\[8m4mVs\\0<brii_J2;G8z^\\\'~iwcr⚸x:j\n\nЍ{%vI.ª;I\\1_NncO;Iơ7S\0r|{4Vv-$ b7+cu<~~#oM6 \"[c~\rF=\",ƔA7\0F|W_OuAQEgeOܽj3\"\"qg)\Z!kEW\0\"@i7$M՜cdĩBRq]O\0cMq$oRJ\0١eQׯjI<5CuGd~ö>\"KD\r`>n~|O@8a\\(r?\Z>\0K12uRecvɱ~8:מ>x]CWm|ShVcs-S.x]mb$S߃^-FMḰg88mӺ5\0E6#ЗkgОANz~<~/o?ŋMG~(}_4F5%|ԕ7\0|+?aO	eJ<=}pwO,\"yFPdU\nz\\LVhp}䚊ET=S_Ccyn|z?/^}mZǅ.Otng2]qW<GxWZvq^iSꩮ.]Z_!\'$S0.8\0^]䒤:a,Mkm\'qֿ/t&\'ք:֑mv׳\'wڶ#>$K?-V~\"unHF!(jm\0\01^w!dc~|wmi7چ6GofЃ۾{0KJ	Ij±]5W5ixO?.\'Tl.t;y\"Ӯ	`*33U|/QM\"sweMugpɋpQ+Bq_M?wÿٳv7񭍧O-Da%$~d\0U,7`ǺGjXU<xXc$k*)|z>2NxXMz_\0i?iG暱ZD])	\\>pgC!xfNNmkk=2\"49P j^e(c.ha\\}֟=,Cz\\dW\n˒KSl_>wt0xOr\Z^E}ЩXiW2c!wbi|;H4÷r$awi1\\opxt6ȂE܊b[G!R?uʗE\0Hڞ\0wokV)bԯ,A@ncFFP.1Mo[\ZE]闚u{YIƈI*.	>Mg\"EOBePGkҴDQ,{Jr\rҕo˭-4+O閶\ZSпmŢs)ՎwB\0J״]?{|<t{vY@,q\n*F{Ձ/wEx}=D޲?>ٴֵCb!\Zߗ:TJxhqfN><ai~7xSIՓX_BsErѾ\\n@\'i9\ZߊzB_ԵIV]CLG\06:\0ESҵK?}kLǨ\"m6\\MY6iU&@7Ԏ:Wa~*|GړJy&Oo_;V&pǌ6̍u\'eOEedh|p(*{cӆ@Fz?y\nvv~N/ޕ\Z<JayڸI_f]KII%J3B\\>ǀ.jqJNwO_޿ywe_{p?SnM]tٞTSuXE_i~GEޞ[Uɯ`\0;X\0)C\0uT\0ɰ|_\0;X\0)KGp~NV=W2>bJ#nV_Gx%Qq!\"wr3槇<Oq6;\rW~\r\'W]w2[xq܌bu>,:}J$5ʴbO+i߈>gxŌkpH\0Gu7z/ulbԾ%<|\Z\0z^Iql_hFƥ\\2]90T_Jh+n*LЏ\nX:\0}MzީWBkfKG_y,,+wja#M)R7s,.:f^wvr7;үh5{&Ic	{[vmj䁸s]z/Enq{ݿk\'2\\O!QG$}5?S_|\'otGZ&d&mJռQ#$f$\\t۝R|kg<|Fע`&ZI^wm468d1\0^_u\'3b$Gl*fh/qiږ_\rΩ_Iks&$+h.?`/<<{i밦,֥)VX_*UF5V~>[ZS؏\\ÿn)sMvW)%w*Wcstϊuc}\rܰG$_V`nFP	\'jBxWO\nbk]\0Y!>˭L7a쮼XgZzI\\l&[^4qrծ}Z]{Z23G7SIޡ9D\\^Z<6#`E>?p3WN0O5t-~Q8ׇ.LnE7P\\Qa$jH:\Z*6?t<.\'#8A?3:$Ӧ?:Mw\n4K[)>dhӚȓS䵴Ey][H9R=0+\rJ\'vhƶ\ZыkouGiſ4i-vxTBǮ	5Z~aȮlg *hģw_4R^_l~fnhRJoUh\02\0WUd]ONFESX,˭B9|=Oz-{1lYiDgO(l|:.zY>WHˉxĕ|c5;ٴ׈4],$ɜ+vӯJ͹|ץvI8M~JVL.=*K5yKg!3=_:tc+_ǹc*CpmIy~=8t6\0~~Ⱦi+Y,aw+*bM8j7B\"xsO?+Z|kgLT_>+O.fM_P\0 1;mR@(_\0HGFe\\c}oa\\dIr!T*%uFy\0FBFFkRZUm2DhpN)q獬F\'8QDI*AWYdLwih/<b]5=o1DUwϭ[Adąrp+j&[-LV,bK3Aoki%H\0WL(8%樤>ŷ=#\0oV>*XyxzAe9C߲>SڔF:Ƣ~\Z$VqͅUg\nkd>>7&DqDä0YAIٓl~:xD\\gol<\nF1̺ة6xZܚEv;8w60Qӄy8\0~:7ƽ{@/Mj=3W3C\rFatKNpI 4p6?HSh|2]6JJ$,ǩRv8f~ln}jQ\rs-у)Ҧ߽SGv<ʩOކK3迏_4:߂\rNU=sm&<`>Vl\r;dQ1+zcH/}4	򲤊\0/_]Dnt@z̭KRM~8Jc,j3m:U56D ~>y=y<*e7lY~Տꐮa9Q0@GҠ&*ktco65{[km؂b/Tsu](]ӛfVdWdںɸMnuf\Z3jq<eqWQ<<Jn`Jo	|=<+(Fȭ:VҮ\0?ֻ}`ә8?\\C	,5}DV1qὴ̝WO5eٟMrJPӮZ?ƭŎhsöOMj1\\T7\Z\\	[V\0&WΟ#zX)K\r[l.eXᎃtT>}>j0<L1Vt^麔9~]6VUcة^\0F5óJhrڿUѧfmsL1NujKn׋ Pk:Z>Y?=jW\Z{En{ZBtW%dli}}־#ϞRRhImO8tj%89=aOO?\rui*ukNMK#0T;CR2FAWo?f\0Ylp̥IWa_\\D\"-\"0p0Ahu/f\r^wQv4ɂ\0f_]{vVo2a*\\Rt^Y(c<~.5\"+PwuEp=Xz}Z4XMȂŲW\\U>灚c(+aJ5NFqV51[(؉>AwLM\ZΒF!\\?Zir$Da+GֽGȺ7,G;h4Z ئ?;qZ/womUB}k֮,&7\0a)XN-n(3wZ<V}ĆhIe*x:\0c\'ە4WНOI!nFÚK͡KZWe;eN0l\\;R}C~6绻<I$\0t\0\0\0\0GUPz\0ʍT~]{M}bUn\Z{\\ry$SVO\ZW=\r#=Πl]Vr䬓<](ǝxSauŅ~~	ZKI+Z-*NM&ew2\"woҵ&..XO,df.瓞Snbgv[҂5lRVP|?`&^[СX󁑞\0~!N9^}s,隯_6)s	IYpq^{ZwXjokG\'mM=quiQNzv]g8(UDN.R\0*w5ebk!F-Ykhs#_xο^t9YY]<+#>Ȯ㇃<5],,kbN\0d$O|moo({lD~g%3*+E;%m}ϒH清X\nxV;+E)=fcT0h]B|;n\0ȅҔib#iY%<C1Im)$g?EbE\0ku4iG# M9uF.rg8_	ZT{x<.my&hH-fy\nS%dgqZ+iA*K3AZd>\"8Gtq\0&OHЃu?y&;]^4;=O{Eo`5{ƙ2\0~.V{&=ʜ\\*NI0TcAPBQGn\058*\\0)W9㯨lp4Ѥx-WK5=xa_ݒz墴I[0f٧[3?=~0^!vؾ__ٿ<; \0]+:0ɩ8GFx+?6\0W+)r֓KȡX/.	~*>Z8s]r9\'ϕiΤ\Z[ۯ>>1е]VF(bKF_ܑhCv	$bGVFPߤr,30\02<M\"kMwBc^]LKLrAWR$j0u}ܚlriE0\0V\'\03VWcw\0F\0ixEF*{kuKҧ&]gNz̅$1=~+z\0JЧ> הjBqӒF1WWI#<b\0//SP|Es1iABefܣvJT{{\0[\\o_)ƼT[/#\"om76jU}+1lfvGc<rkFct\0v|F#\'SSjziO\\[A죎mftڠra2J-c_Msc\"4FM+9,<I\'5]zy\n:uGWA\"`\"0oʩk>|p7\ZYtV qִ4\0x}Z9QB7,T85w\ZwZCC)XUݜoB4:EqE5>rZԄ:\\vdG3ycAV΄|rj1Jn\\zdtj=/Eͳ[o1cT´ ׭w*wVosyǥX\0ԎTafnJ\\07cqk/\nľNTdK]QvNi#:WxoV;K(&CjLsRڿD|fo\'vRO4XV=FEtrP?Z$ո8Sʤihֿc>:|p>\Z\"\rG%@^\'ܰr+/IRy.\'c#/+<]nsПJ}a_K\"+F\"u䯢]ȰMSRZ=kힹs+O9R\0\0z?:+YM8#aڽ_&F7ϻVq.8*՝\'9-me>խ\\0)rS#?\\ŭ]M}3W\0g(%}Wޏԟ¾M9WWv0<K=/	ºd[;Sʱ)4܈ѱ\'jI٭˘RA V֑N0i#bq{\07>N*XħyM7kXVO:hSSO+[si-_N(EU>9igf*^7{柮UJpu1nk;\0rc s͞ylzV;^yx-|=mna7 V7GT+\r	yŸVŷ\r_?Og|̏,!\\㵵-mYݗ|	\rs1b~|w\ZҡSmw>+?<(g>8\0Ik\'n0_NF]UZK_j1Fnv3\rno|v*SV>+?vM;R8/yIlIA%rO\\M_OxWN4H&6pyF\n41٫u[x\05UYGask\Z;_b,q=3_xLq17#9^OHtV>dW<K]Y)OhL\023g^M_[7:fIo8)TA\0s=[Pe,CC$\0@xGx^\'Դ4淎Ggu9׷fN-GR>hJmgwmqt(Ԕ\"G.}/Fҭ`^NjoJfvsBp89m-.ԠP\0(;=Mki%7US0,wL-5+%7{4sNmk&7a[hjk)oQdm>AA[Cw&pvG|\njVgjŃG\'mg\"M%͝ۏާolzrN1$[f*ssZҤٸݝ,VW7 C 8ax67i,n,53\"r6>^\rZx\0z\r#~cZ\rŜ*,As^˥[\'Y0q7˲=CYQCp\'>\\ǷO½ßꐱӭ[䌎$a^xL>uWk|>֑[>VYuV\rGֿE>YZ-Pn:+b^t祯g0\ZwuRN^Ik\\Ύ#5EU[cXo5y^SZ/NAE`_xݓ=랭HjʩR䞌K3+~Wn$?1_r]Dڊ|iMk776^7S\0ԑeNW>DZc	Wҽ~1xIV&~Aǭ|/Kf|~\nzxMc\\g~cZ(WW_\0td(K{h k{\n1Ez\04<#.b$){Ӯ^\'Sч{iRX=uKݟUѼBTK&9|^AyL$\r?x9\rz͞32@kaT?N˸\Z&ϡIjU8va:\n4*qZ{Gy\0\\*u2z|OeUN54}d6(O:?\0|-e?>/gXO$Mt\\q)Ȉ++[~Ο<+-%59Iw_,P0A캢\Z}Y<C	7\'dojͼG\"׸iN	_r(Y9&08=~xP4{HZ!xڣS\ZٮºwX;($W3v}koUbeTq,ͤgQ^}J?Z+_}v߆vh%nҾ_<wu}gDpD	\0ξ|{zkw6Q*v\n0>0t1P,,O:-h)<=N^.s\Z5f[ǅO\'\'hkڎ\0`Ɵ\0W<cgMgc:\0zW-:m3iΚjm[EojȗY14C$\n[JPK}5SNrƲuAO%_g-_Gg\'?.^Hx\\ǽa$\0vSV^[+m{%綧g\r6;K<32;[	>Ө̛+r\\oZݼMg:У/yF|\ZSZߋQ$d>Ƣx%xmSiar[>>&pUf\0`v˛OZњy\" bIW??|9{WxN~/-K#6\\fOBxAwo ƉGNa)1Rj\\#R}_ty$z~,++Mv\0\'>2?uz|~tn=_k|Yֶ0[ g\\HW+kRŪxS7o_Q;\rgK&£\rOLJnPz娺?^/Uҽ[Kg>\"iZ5IQy{XM&-m˻nxޟcJDImky|׈9%Dq7q%8_a/cVǑ2\\WđmRdƬF9RC9XpI#{2xOœe05YE$(bTʕpJ~ݾT|Q	;XJGG^~cXr񀹯~~<7k~	Uua [-gÇ^:%K垦4zŞDQ<9\0ᳪ9]?%~Efa?ʢP|4eCִe0ŀA>\'\rgG|~,Q4~SoYnĻ\0u)X$h\'-^ھ[΅oVIck9r~@1ճ\"qKZbi%RlｭOc#ë]>{|;,6%U>bu~m2>\Z\'#~w<Z^Ǟ\Z\ZuWEWq%;Ms?|FE2jZ\ZWD0m2Y,6PW8]yu>Q2vMl˄w&y/Å\0ӕ~qtk=*\0PփaOxP1f6pX\01ϥ~\06\"دrG\"H2JtQ2Szs&MQExǞ~vrjXK?H3E%\0~9Y/u+-5N1ƿghۇ(O,^O_w~<֥\'u}nH3tOGjSqW{~04O3w\ZZ[[qm$*E\n\n~,=ؚkO0Y`?VIy ZJI\0bss}E,,ް.\"K1\"YOUN_yx5;Fxt->fSE$@D`ʇ{\0?WK\n/þ(..~\r%$-lq\"\rWW$Cs^㏄m}c,ҧoFt)\\UΜ]*Ϛ뢱PjZu[->y+=I\0\04+M>f;	\'oӞӼ)Sii:=Ǣ⌈c\\{Y_\0\0U^Vs5ZEWᓟkn~kG|e\ZMFw_q15O]rՖ	廴yaY[ӌ^\r+źPѤėzH2(#ߜgڴ|m)e{I42BdI\"Z5LOc>E#zf:J׾R-.<!T_xPWuh؁8~6+Ox\0ἤ1ִ\0>3\0=cߧ]Yg\rƭ~NY݃Г\n~!<1G]Iax*>Q\nԥNݶVv}<%Ošt]3SIlc(fU#8D_x_&|O_P$H;COj!]\Z$Ĭֺ;_\rrY	J8yr+Yᆭ^rJ7ݵ,\Z^I|]KueqxB,$6cԍ\\1Rl\'\'YZ\rZ1@ۯOݦ;kԼI|];xX\")ED凜n|ާ꺽|<L,#\\޼+=ҵA<zgH|s]<n7UR8#}9v5Zv\Z]WBI)1	6)Gx8x*εx^mL&2\n/qloMBGm-rk~\Z~ڵ1k~2b}\0W5>2YӴɤ2</ eLp+|X<Gnxm:hzNa_Y0ѼN\"%nO|)<=sBNMTe/g(.r;3[ÿdK~M{{}M9[:I7ˊvI]cU{I+,ާI71SE|vy:~Fm%}[g7sYWq%{\0v{ΙQB#iWR}a.y$K׍y#*5OkOQuhO,?u2F0rEyպ=8/Uw+d3;\']L~6IZo+Jԥ֐jsa(,)*9HQk?ueC/JZz3^²#G5WV2F	Ao8HL@T,eO>~,|bOV@tZ\\zE+e(vp8_d:\0W߇lhzw)\n[ʾf~ VuwmEWv',15,1),(3,'BATTLEFIELD 4',6,20,216,'\0JFIF\0\0\0\0\0\0\0C\0		\n\r\Z\Z $.\' \",#(7),01444\'9=82<.342\0C			\r\r2!!22222222222222222222222222222222222222222222222222\0,\0\"\0\0\0\0\0\0\0\0\0\0\0\0	\n\0\0\0\0}\0!1AQa\"q2#BR$3br	\n\Z%&\'()*456789:CDEFGHIJSTUVWXYZcdefghijstuvwxyz\0\0\0\0\0\0\0\0	\n\0\0\0w\0!1AQaq\"2B	#3Rbr\n$4%\Z&\'()*56789:CDEFGHIJSTUVWXYZcdefghijstuvwxyz\0\0\0?\0+#CME\0\0G?\r\0]\0{phϣ($㈡y5	)>gV_|a\0Aq\04]U@\nk>r\0\0.?\Z/&u^.6_|c\0Aq\04E\0W\Z]nh|\0G?\r\0G-\0\\4_MջѥٟF_|c\0Aq\04⇌.?\Z/&hϣ(wſZ/&_.?\0x?wDΊϡhğ\0_M<|Hg?^?&{3ikMH>\"x\0O\0 G\0ͭ	F{c?\'\0#\0i\0M?#jg|qDx\01\04x_?&g׈\0}o	\0?>/Mu+>7Mx_?&m?{u?x_?&OK\0A/\0G]n?=oNI\0A/\0EٕIO.fl\0;#r4袟\ZŶ}x\0{3\0?k՝X^N|(4vE|$ɹf\Z>*KM-}6K|!bCںgO\0aH\"K\0fk4ks,4\0^MyTSWw=ZǏ}jm\\,\Zeq%wT!n|9I]\r>Ʒh> ֵEm:0U6N{\n\'Q(s#̧M/7_1\\๿\0[\0\Z-L?T\0#\0Tnt7Mxl<VooƉols+|#~H-p{$BVF =mҹ4\'4gf@5\\uoVjUNmPO0T&m[\0/g~o+o֖\\omLk[\Z InZxೄrH8skciOqI~\\N?}WC`9.f3]^ظf88ukǇuQthy_~7BGZXzwXJ\rYZxR\nttzԫQ-JFR$\"֤^̙(Zu3&%PiwQGz\0(3o~k/DA݄^3oݜW\n{vwZrxSÇ`z~3Ze-}dpu#ǒ|G_1d.Cd~5WT\rF/r|G?{8Z;\0\0hZ~;b!jwqt	[!r94]o\r?ƎB_F/<5t-?=֔C]<\0~[3kk;H&O$lUna~0oIu\'͙Ϳ\\Wxh\"-/HXc\0ҭkJJ2G?9\0S\0fK,##nf>tb>WNG]=d8\"cEGkYX\0z\n[\rc@ZZ63\0-?i\0hHϟ:ؾn%&Fwޙh&jrOO|6\ZZOD=\0K\0lmeTht}\0h8</-W;<̏\0Zk޿Ѭӏ,|=ZPC&< SZc\ZE#xú(\0E\0dxlr&+L:\ZM3\0<VJ̏= Y߅\0b\n\0OF=?GQ^>\0Up>d=?p\0c_سdxJ+׿4V w\ri\0*B=\Z̏.(Sӿe\0~V>̍_\0rr=^1݁jArqMV*3֕O\0JE$}1@9|Ӱ9!a{Osݢ%v䞾湏\ZKNࠓɍx.?zwmnn|.1@D@Łub\rp~=4&iKV&ykD\r+H·hn.&1=꿅,c0[K)HSwꦾmrjS!e(p<ݥm_q\n[M	YsۆE*45ϨA5]\"4dKReVꡗ8jcO\"[it&ynIFUʏ`zW\0פՌp\'CǠ<Ӳ\n4uzR!9\0LS:wFb\Z9=}i~b0:7zu=9l\0F?|e}F85)ӏʫ:>b)Q$T\rRcQ\"L}p*\"z(,.A更皢F\rW`rjFN*7;T7?SAE59j\\ET\nH+FÍ޹J~6=iX=ɩ(~ܦ	qM^J}3rGr<\n,2\r{VѴ\',TC\ZyOTw<WxN%+Yc\'N\Zq|Nti:AU>PuQ隹治_6kpmO18Go\\UKo¶Z+ylvuz7obpM)pֻY(hY30dAl9k\r.#|F-f$oїto_ZU\nm,3Ӏ>◈y^@8X=s\\2[JQSq]N^Mnֶ_n~Aw\rqm(L\\q|R3eXc<~^֓yV1:gMqe/&yϦkzø`\r3CE\"?@@?/=A<qNJi6m\0AiJe*z{Rs.3.SH3=* ea46X*7=E*s֐\'bj+gQocSn6~\\TpxHMny\nNNPF@1oZK!i\0h[=R@<T\"&ݸs(9`;g?3nE;k\0p@\Z$H^HxǥDQ#sc3Y09Vz^k}\Z{;[G?rO#rJ;\02O<\0ב778S|Gx9H.m\n잜BlOk671?Fw}m^j7g2V5( w\'?Uσ\".ddU1RXeF=\rO__9Q捁ѐ::U?lSF¢/,8A[{X,GC\0뎵+\Z=Te\nGb>xC֟mm [-YWin 6[uOiV)<D//Z,45K]<QƬ78Hzקh\r̚j2F%<wGj<S\'%x8R[Fq$)\'s9]iɧ[q\0[j|~k6\'ܼ!\rGc\\i?Kw-!Qȁp[tK{4:Goq!uܲ\03Շ1\0}\n͇zqI$WIo*G#g&\\u%3J9ڹW26hY\n,`Tv<}S:.G:ߋyjKjn jݎF+.xR\0i:miVXr22WDis7VfvC$/\ZAqrKCyd (#/úus>ƪ P钤{}\Zut%VHew鎵[T[)]۸951iDƖaFd.BDbqGT敧h6w>Uó;/eVG7F˴+kۍXjm9\"]nM4kۮtX.Ҿg|gEm\r:]_缱KHʖ4+-UqsϨ^+ͥV4BVdbp#p;@6چ$r3	&LczsMv/Cڼjǃ5(tfӯ\rrdg\Z_XB<T,5<.}D\\v<Ԗo>գ\rp:/ν\nnm uTI.*,EeIV?SҞQy~&ӭADٓ<W%eIs5	;/q?]J0O\nTb+\0b:RCַ/Ž2WzIqm>>ad\0ǩ>,n#_ɂ;ֻ]CƏC#x<W\0oZ4kp.]d՝Cu}32jE\0Bg.3_\n躦tr?cr]\'{T\Z-\rD\n}GMƉy|*xAVQ#Z\ne|t=^fTn^ukaީ,8+tqМsMlZj)R*v+̒\'u4f­Ӷ1ōzSC=WtO	>ۛ\"$Ӥ-{j#bQ\0֮჆}~ݿZcw[@E-\0Ai\Z\\ҮKg+4mH,I|=lS̶SӧZfU݃\nw7aI,d`c#rcҗ4ěy?\"~a{d\Z۱wqk{ yܤ==OMel6D1̡O\ZU&\"5[+\"ۀ;l߭iU+ydNm5;mZehćV\ZŶNei$CW[[Ҵ{Hqrc9`Oi;;:שw>}H66k\n[nh=t՚\r?@È`vZ\0o׭KFL֘lȂ4),phfM[5}7RErNB#?\Z<.Ѯ~7-?R&M[Ql,m#FE0\rTtՏ?h.́ՋZiű*ha?+\0Y!rnrUzxFnh\"\'Y] &w>E\ZL?m\"95Wzע׶J<EkKpM\r۴զJ䘌s*ꑋ-A_:n6gsT/. cn\"#vu\"_uhk	\0*)U`px*9nzRg z}3PQ01J_Yb,11tjF\0yߎItKJ&5f$m-dA@敮4ȼEcqJ-c03α9ޟZ9.[~?dRs?\Z|Ky-Z~cHG5S\Z[NF֓:~4d.;x#gjR[ǡ|Qitشɼ&jd*|S=@̳b.*@^m_^\ZZI {X[s.NមֹY\'tlm&_3cPvN=E\r3G~~#C1Yu\r۟5)y(s4䏛vSxs>HoRܥ̾s/1Ul,amz\\=\\|\ZևI<-yC	-p|źta[vb_?tˈ좱	s1,vZ7)gp%ILN4G`N|\ZR3]	GU5w/[;	嶸?.ex7Q\06$Ic(2Ad|A	!t`G`A?5s^%}y.t\'\'0s署hҕ;hĪc,%䱛$&wpS`VAShEq=h䲸ey	2NsXKhVm6$E^K)ǎKTCb[[K}+3H\n9maUSZ2oWP):i]#ڲH5\'*اj>)2O\0JԏL5F{ۙcqFZjA _z^鷚D֐Y#+2e>^kJy-tqJN1WZ/\n?W5~壕YdF@^jަ́,V3l|NiSc3-\\4rd?5tb%гNMb+0Ӯ%=eBHܣT ҝb]g#,H\\I8ymi}gR]fZ]f0͸8kQ<3ekno	cT@N\02qQweƝIIYjsVgHMGG=ͭޣb? q=kIڥs66BFI<Oj\0ůJ:\0!R\\GUZ˝ǡx+xVy\0S$Zkp>^9^k//o^ܞxe*~@ǧd59s$繷}#dN\0ix\0Kb)y~35,J:NlF\Z*Z۞oeQWYb}Kȧt5_qHUY]#|]djv8K3ynUUzk^5.J#R3~bGS\'-skmuI\ra˻Q^(¶S\\]Enx(^>w}ZMҵ\rD\\&ߺq\0w55?\nK笮q\"8%E-f۟oW-P-/];n^[ tw=q버)D[G?V.tH4pO<1nsT3Z;V=OѮ/ay#v3\\oėrCtO(ppp=ǭkU^F\'Ls?+%I_08a[ߚʥJxa.UnjOL\0d1ql)tgWw\\\r%$t[WR\0mGbOLc02J%ch\\mb[/̝T\0sqַ|]em26gEkm#rz~u_9:y$0Z3NvtՌJﮆǈֶ9;Ճ|///<3dʰ~y=e{w]]Rk\rrD#9aS\0zFv&u:m\'l6ڼʔF$oPaNJQҷ<yrmzq֞4KT~\\gkUaҘ7RJQQ0cҮ#:wpG~9:\\4;4sp8^	Xk$u	3\0k[> ^Că81G65R:sb8p\n\01zpqD5v1ųz׶0<H-;^iWRxOk)Y3\n=W%}WoZtL#uz:BҠPuU֑REyFOy(\0/L\'&n57[j?>{{o4VAQߏJ67ߺYhn\0csZӭ%3jǝӆ\0.bǁץiwv\\J!=r8+ёvc%zסB|<L91|o=7\0+ٳ#B7<΂\07=z%Aj^.M[[l5dW#|?x<IjZz>k4qD\"*\r\0^&Yxߋ&$-RX-X=A$ݎh֩^5HdGW^yOmV~p%۵l\0UMwPbRsJ53;WK;Y]]6l\"U	Lꪃsx\0w&.E6ڍ؜mIUl0g	kM/o63bsa\\kӬV \rŸ.cd}}׸籮^V=þߙq,oXE<%F\'QXdP9鎈L{3B`K=+Pl]:$+NG~-mBݶ4gɐ=v!u\'2QI汯MN6GN;s\Z͛w(m̀}ٴO~Gm~0mHtacs_52]_MeFW=kJj_ob5Av[JXqv>?ؚە笻v|8&4F̵hźwgWݏ+C.&gKNnOaX^խuK-o$fFU88Oֵľj+M<,+Rmbp@jՓ)\0 Y:Ku`+չ5z3|T7\Zt^)jGx4x	mͭ\"^AwC_kg1GvvB{oWf\r\0Xb*m\nŢ)xؔ5%Z҃WG4ewp\0?ϯYOxD&3/ߙKn5unz.Vg.xv_@G5%%cMs}j9-Em3{^%c%Im f]ދc+|n5|;%w06\'a3Y2{^~*1I~HΝMs7XQcJ#V)8\06$<Hs=1VWNܮmzW&qNQv1\ro7ret\'i9\nl.1WJ>F=A=K{Tq?Z\ZYмM2G1X Jf.5v*5%~Q^2<F{frIKq_Z:1#88c8tfW*Un\0|),54uKHY%X3 `)f8=ZL9G\\\'\0m,d\nn鹿B³zƋHi \nG\ntY0\\+kN+Z[9yv0ҳ\r=syflO*LצvC<Necc7$6:^sxoa\\2VcLmRI=j\"\nҳ\"4[\r̲oŰp~\\U<KmOFGsCؚ/=j__n[#.Ѹَ3djS_R+h63\0`{(;.WOF){n$8}}O^{:jyź4j܃yVROI-q>2\0h\0<awZXy 	カ\0[fT>.da[]KFؒ.[-v̎C:ŘUr{k$>WUMu䔞9\ryؕx-w.W5|-O,	n8uZ̶;h۝k˦kHU7sܯaֽ#&S{kP_r9vN.rR{\"kQ79Gws-t}({A?+Ft[ʈ7|P0LhxYFlZa\'\0?*<G̉yh:l\0ZJpQF٦In\r6\0)jǿ5\\}	D`~#LqH^b\'ʇ\\~Oɵ	\"\\0nNQkd@oL~5nđ͔fُ?MP!NzI5MEi|+޸5fKCGࡔvC^J<W I偘c^_hvMT}:lJ0?\"ПT.6z,L%Gh)<ɔnnH\'f^jv|e&Egkl|KAFHU}^7]\\~bzR9>Jr=fQ#\'Ҽ7Ņ}Pk-n;c\0$󬑣ZTA#7̥z~ׄ%RHF.g7\0dΊy{Fwk$Ԡ-!ܹ8>oipdة<x;KwF-¨8s[VAuZ$x)e+%8AmJd?vT6p0X0Ty6MI3B1WI\'v\n\")UTj9UyҸdM?yc9^?g];K~Dw`=WA楬NڙUeo4*rq]NNk>_^j&?d=2IrtDh#\0Q7~\'6yxt&xiNUߠ [^F$\Z|ꚋS-8*c~QԷ1\r2M1RF@],%n{ye´	=6n6\0Lhw\'vi`D:IR%򈡃1>`+[e:eٝZE3\'<2dgC%E!Xy\r2bͷ zcNG|VYCj/an$K\"}+	E=S%rQ7Imue9[גBC&fxWiպhL\\\0eoѽVyL>ZlNs\\}kQm-F5#8w:\\\\C5Ť|SnWGb9{יW%-MlxQuaW5M>Z>4d+ʧx8wiW UG)l$\n탌\0SXpi(-Qg0Vu(s$읾S*kkD@H!LU +qr£2坻ZY=̙G=*KwcMB\0B{Xz})(Q\0W9H5̄/e5v+\'M3h;γ,h\\=}*[ucd|0Ӻca֫x뵮 \ri39M}Exo\'ΊmGo</{7[\0d;``\0{B@qwyǦI\0!]\r\\g<֡u1j+OV\\D IVLOB:W;We.8QYj-,\\7A5KۙrTOȉ?Ydn=O/n/cH8TMОk6o \'4fm w2.p~{iwnۚG,N3TAWQmn*Yr:uED<K3sZŸt%\0UXw5k-6u#}ֆVIҴˋBNȓp8졤Rğ^xnnmXAn\0?ݷZYKSK0Oz\0k&\0ZJ-Qf;g޳{msneӠX6nt}(RX\Z.%VO]@Xyl9&`YvW\'Vw~2F<~Me(sXqmYbhA\'9>{`:U{\\{Uq3m#91M19k՘8Mtڪ*鷌h_iqӼgu_n=G*3Gok{֯m&ޱ}_.o\r{Ul\0;;NN1^A\Zٺ[J̉#..ϛ̪zs^̢>VF|ҥxAKHHERwYs:{eTh]K+>Z`^_s\\Kq:L|QZͭ!vlȞErꞣu5҈HɨmwKPenu\n|@\0>ՕՍT]\'E5`W+	nq%3ncUϜVUXFMQ|DsTNOZcR(&7Yܳhi4T:w&y|rqUh.\0ޕN#<C`c@\0g޵uz);YCAc]Mut6{2}ۭfQ;I`UƷ-Jo~XOZdDP)9ִڄ\ZgUI#!X*WW{NkwS}epLl=knӒ_2D;VeukPLoH覦^-HڋCM.נi~i\nq\0\n[魬nA@Ӭ]^$\"Y_\\zf%ԙV1mMÒsWX%$.6:lZg0[D;Ք,n>nTJ+r7YXބ~W\0WxW[&HO\n)$/yfxf>f*\"\0^zfMۭ15gaA@y`q\09+lm$ⱡvV4js*r;\n\0O59$ʒ:u\"7زekr\r..\"d&TFPc,\\f-cN[*K\0m\0ZD5H!r>niVkӤ>Fȇ}95$ь➋sJn0R~skpj]ؤ?׎r)<\nsRi;# ¦I\"+cE&Lri鶪o޵,bMJ~b/Yr\\#W*>sW/L\0+tU<OsE,-\ZUy*JiA#H,<1ۏƚGSARv/Mh}>#qcȧk!֜,%E;7~dYu9^2:uŝ̏\nq]*ӥg6aŶ:+OGchWc&ZƐkx`rV\\6R_6#`~XʜvKm1{\"|1n81JB s#8|\0Ui\nШs\n\Z\\xIr͆Wlx*;}FG~R+QѱO<7Zo?xz9R-^6=kv๑=szՋ;($>*nsvdU\\dF+Z`:?j{XuhṀj9-uk\ṙf#`\0s:2UF?Z5{8n|/wcʌxl}\r\0}v=y\\sA墳<vu9,5Xo`/$LԖ>B~\0c2BvfV:^@ס蚇mxxPD譒#	?JY2i#cSNwMb]KXr\0^tu],Kn+d\\.98M\nK;BxYZeЦ[_Tb	8@Uҹ|kc`8k;UF})MM\":FvvIY\"i	d5-Րر`0k4lљy73gJڜlSk_\0\rX4Vz?\0{{ZqRW0c\r׎ogp^Ŷt[c@x3z7ȟJ:vx5~]6kk!ث鵕6p\"\'*Xs%F?(䐽;KyMm_Js3kXcZZ?Oƻ8zIzuz\Z_@\0(0\0К{oVh]Nc=[R6qk`j-|5cX__K$rUn3Z&W]:P[\"6|9+ǦeQ潛&/%VْX[{P͟μy!G5ՆNyEw<R[ЅqǎP|Y\0oZQiL~\0-{pOv\Zfː`#ֺnyni\"ݸ-xER7p19T5n`)_A{WGҴYcۂ/qۚKxxRIVRU)ϙ7K9ovx@y[:%[kgz]D՛v2a*g=vA3U	Uq֖fWcį4y#l0U\rR4l!i;|z׿:o:;)f?0Ah8\rU\n|\'u]8\nNv䟩g:T<[5UylmѐOֽ\"y;r<:#N#?N3kƗ>;]1i]Zv8vz.v\\MA.ǖډK0?t[BMis,Xi7B(_sqӷn?*R;0q_֮xSm[kKj썤is+u]hh,DX5twbj.YmP1j2o!G_lq z\\47rG*vJգm{xa	Ѓk^lI0?0\n*I OZS5<]nY;4].?cG	5xzP46.Oz\0uoz-ץ;58r:UVX\r|)&{}C{(yW.\\W$o\ntAx\\-,Wq`f!t%\\7tU]czch>X]zzrgϥtO4k\ZkK=\"OC.[t!_QNN>,zm JΟXw#*u\0\nGBk#\0V*/c]QGL/\'5\0-=k4߈A\r87aS&dW[}ZY?7kô+BF@<2nc)aRV|{Zޛ9#.p<a-r}YW6%X_q0¨>c\'@\",7b8vNs-Ga%N( +RޚLntJ\\5kcxpkR6vv\\nbI^O?^r $砯dѢLejc*M\'k#Ȁs<eu<}zy#E4Xq2A`:u_	*}:q/oP9ޢ%t#{9#gvmTiU략YFy\r&\0CsVԞjQ[jU9f*\r)oPҦRHQM[vyRB[oZ\rDΥUѰ۷?CuEmI-A2|l󉧷THIJ?ww2+ eI4R.B~0I+9BưhM#0ܶa-=j7+y<[:Ohu}z싹LƀQn2-yyorͨEc\r򐧍}*pa5p\r\0\nۇ;TgsD{\nqu$VZ\0f䉢S|fybdW#;fK3J)ZIlyJA`1<	qR1Һ!;Չ\"H&,i\0 WhL߸]@#@HHtY])*ZpmDϧ9g$~8^Vletq/Cc¶OK]qy؂qX\0k|{:GRɺ][ofoFV.	\Z̊D䩭B/|GyLT	ZQvqsMjuSzjb?zMլpivjCp5-n4$Y,rm31qJ=yCimul]FP;n hx\0SU;O6f]wZl^jҀU=k!YWcKF\0t<aG?$vs>Qj+\0(Y,A\r]\ZjAUO;/nfJ8ǥ-E%t\0Y\n=kİ>gQU\0\0\ZR6Nxֵлo֢K0ddg^N\0GFѕΡf}[P9WGv-v(_jTS?V${_+{3\0sby_1\\zĒB\Z7diͬ/nyZΡXX}*uxcqc+UHОpɺ\0|FxqUɱmtȤ|r̊w<q\0ת`õNr=7̑݇ӽB-a,0]7*ŋkr;!+c`~׏xOXkt`:`ȧ|OZѤژv\"OYdw6z/q<qdiN\\SfX(#xqVP+6Oov^JR*89;~a}zK+[F70 uoSihwk(P1eՑm\"3.$~Lw	\"tGCW`7orLO׿J4@kٙ@,\\Tmh d6AS\ng&R)Ҳ4*L0F8t4!\n\\ug6FQAZ&ph˨$Ʊ6.v(_3oTr\0֮L!\Zm/ \09;{R5)YMo(\nݠiX62i\0t%vb\\ncc<ֺ;MϝnFdɉ,{B3˃\Zl-.uA^C\0Ky<}nzg欯3F7\0{}.ya\r*)GLzc->-QI\0?E++o+n];\rI\0S:TI\0WAEr7ec>%\0?]SfI\0WS1G;>UO\0ĿU(o0?/\0]]s>drׅ@O =O|-\0e\0\'\0]5s>ʻW_#d-N\07@߿w#k\0UEr@Ύg?Wº*HΖ*s]^QLgj|;O\'%ZQv9{χ\n.Ɣ.ݠ#7M=ᇎxKY}`ymNA序^=+̃BmdVW$z?e\\\0ƭG3[Ġaz{6rϽKE+͗EJ,A;%qU*{6 nS}ʻSE*o޹F;/=1&K$(9p]`=bL;DB>\ZxG/\07D\0{]EϸY/w?N_\0xaYt9gutQ*0\0hE',20,4),(4,'ASSASSINS CREED IV BLACK FLAG',4,15,180,'\0JFIF\0\0\0\0\0\0\0C\0		\n\r\Z\Z $.\' \",#(7),01444\'9=82<.342\0C			\r\r2!!22222222222222222222222222222222222222222222222222\0,\0\"\0\0\0\0\0\0\0\0\0\0\0\0	\n\0\0\0\0}\0!1AQa\"q2#BR$3br	\n\Z%&\'()*456789:CDEFGHIJSTUVWXYZcdefghijstuvwxyz\0\0\0\0\0\0\0\0	\n\0\0\0w\0!1AQaq\"2B	#3Rbr\n$4%\Z&\'()*56789:CDEFGHIJSTUVWXYZcdefghijstuvwxyz\0\0\0?\02+)+rg̊2+(K}g2+(K}g2+)(Y=#֌Z:z# 5gv*Boϑ9Zg7/7v#\rgn*GG(PG\"?{NG⪮tm`pwzc_/ǑYdz׋2:YHOz?Gzё^,YY[UvX=#֌ZVGOQM?E#2(ȯhK}g2+)3GϑdWQ>{^Et_C>Gz^)E_C>BQEYZJ(\0-sڋ0YOe˻ˉfbnVUNN2RÎd=In[Y䝣V`M_K9\0\nfwvvbYXUjmk9YM(AD9<4ovH\"Yf#)o3s`GҌm;k/mrHcIx36ޢoSp{3rK1$ɣTN1uIwA+@&8wsӢOl˙h~to&\\>⹶.͹&z>JS-jPv}Sػ}\'IݻK8%<GJVdTT]4(2:)H)h\0Qfx۳عӌp* SyGQ_Tw[ȯqnV$yj\\§\'̆9L෱qf1*Ѕ2I(a~^.q[l|#\rV|VFsa؋\"[jG%XEmXb	ǹu-u/]GVL10d_׶jZZnumi#FOaY=j;(G\0|഍O)L=S{KyY qqjkEBb($%bF}Xq֎U,\0?Sŭ\0X?6վ\r..LF]]Z5k}Cn!a{Yv-A*?A\0<c\0Er<]\'\r/ۡrZ{bxL̅R(AǙ#t;Fصx\0|\nqsG\0|\noVZjE\r$f;Yadb?\nWfuuŤw\ZD2\0U@Ws|h`:/SL0,+DoE_YkigwmGWRǧص(L6x :tdv\rm/WC5/k\\:A CG|vU.trǰY@<>講on5+8lr9fV rJ/,-MsJ1ڼWm>㶓=K;[{W\0W/p;׽.U,APܢ2,b+cmvNT:\\Y	Q3AwX]5ƅҰ1Cã۹h`cNHVATB{e&cflMahDX9?J~E\\`	>h$i\'\0^\ZH@\0U\0mfܶZɭ+ɢq\"\Zf\"֨g΋xG\0|+\0D\0\0|\Z*!,,;*ݠ㚯m˔oU8hDw\'ֹ9pN,hnmq+\Z\\@%z;ڳ&hawv5>0:fĎ|]Ht4m&R՗KnifKkXg⼳g,lWVte-4d2x)fy_6[kAY~c\0EՍlY_۲Cu?^5U<Yh&턾bl8,\0kgnGrmRǔ-ycE߂{q׆>X\'\0uĿXhJ}U|,8\r8RJ/4-\'S.|ٙv]~VwxkE.ŏqyi̶_q@~M\\ݬEn\n`h͎q?ϴ\'vρVmm\0[ljs[+(\Z\0tj|U]ZZ0M5x\0e8f;{`amx}wQ	9`/^	O	h/+bH%=En\\ſOi$j\Zt ǆ_wׇzN[9J6[n3`\"8A|?C]ح/\0=~~sg<AxxE	wlq}1^)?KOho漎dK9!KHpwWO}\'ĺXA!K9du(CO>g!nBz0S\\\0jOc%3i5B+x7.ʌ<P|Y-^nMs-\rg\0@\";YZҒ6	9:/R>c=7}8n|7O\ZmnMlۼk2\r˕$}=\rox:Yٵ+zUoʘ_	\"w-r_]W-&u@/m|`H{z躾VznVGD\ry@,0)*{?1@Cw#Pc\0_{-;<s}yW\\Gm`_2IهS~?_;gk)\nݏQbgkw.-tߴ\"4sR4RM.<y\0sVmnbnI엱7:yf$zr=뚱t\'g7zNH5/%XE\'Ϳ+t͐\\4[Yߤ*OAYV\ZFo\0<^7\0AEgicTW7>Dx^dn}p!XYg\'\r}\"~\'%Ԓ]:;P%$AF<ɐ[]BVWIt&4/+LTd<z.|W7vz{WhnYv%&b+N=BI\"*wT~L^Fk$miai.ׂ&EnV#	_3Ksuq#{*\\ہ\0^\0\rox?\'\0{ƶ$:\'gc-n}ԓx;FM\ZYB0E\"M\"Isx0\'ӴޘП%X^ϧhj[7f]}sLG=U-wkOvڧ>*ލ|myMbo\"[HZ9S<impI	EYҵ{_V\nvWb\Z#y\rS\0?YN5i/Wo\'{{tMmmҚXo%fVk>*$2SL#^S/\"On.b2\\\\\0I(xw)4ZٰUlK$d=3WgSZm&:~rLvGҸZe6u[)?0U=\'ҵ>(^[ɯ|:YW}^9*Jtz|S95+\ZRӡ\rDlelxw\\\0JԳ1@rJ;ױ\rG/;E./@&Tf#QDi:4wN^wǹ\0bi:^3Kȓ+\08ڼJ32O*@I>~$s\01Q\0Y3Ɖ۳<,CrNϢcAuK]ZcX\\}Mi\0wc\nx9\"\rC[mƭ^_KqE\"@NHHI4Tt+-+O;d^D,dn~t?7\0L0/:WnRP\"g>>M\rq.d<t-ʼtѸ#+x\Z$q+fZ\\A,*x\riV\\y$aE3o・?\r+YmX0F$\'^)M֛B];r_=M|a%b05VĻj+Oߕ6*wg?y@1QZ[qu\"1\\ֽ#[hGʇ][H&Xµӷ-yYX\"]\ZKK!|.zu(;Z!{Nn+E+Ҥ!_\0F-oTQ 㠭\Z.ܵr˻k\0\'5xRo\n>Lr27te ¥7>o[%Ɨd{&NVwgRIoSkvF./vvz0SÏ?>a~k%>-\0տqiUcKqZI*=R+t\rwU{+K5\\FᴟSk:DZjV݉eJd`?O\\e{Q~D~~Qߊ\Z챖LI<3Z\0q$ZE坦\0)1C$\"[oͷC+=+i5g&4EQ=zْX$ejgc|oi}\r&NEtWI7L#NWHPg߱-\\,^xaˑ]sqֶ]\"iW~ZmA->Fgxc]մ;LC=M67Z9J#|<?+Iq	;[vG Vޱ[i67b\nTpr¹oAw\"ߴQ.9x|`rddUT\0\0&swN>ӓl\rM{&y^H Tf>z_W%{ɩi	U1i3wY\\O4R3,5\rCC<Q{ki/e9Wp0OAT݌R^Q\\i\ZbuME*>}*Fx:\\̩2ϲ>OƓe|HqőrH^9\'eD\0)-[sN/SF^K}CS壕cQۑZ>݄\'#\ZmIUT*ۯ&xu|ڭ\0뫋N&UKK#o,gUY89&-gI޾GrZ*xG=u_-ڤ6[>=ۭr\nћi?ϭCS]lm1isZ\\GW\Z>qc5so?gv?8+9|îKQz(x؁\0W-ˈ8[23֛u>nWE\0%)3bQt0+Qg3[|2GGӽaX\"fPvh]A6r~yL5	}6cW\0\\4k6mcAFW#M!dH^qOӯ\"B.bk>Q-gb	ة^fB.gs\Z*UnrN1*9Wc_k6sCү>ueJ=6&ܑ9<\0piJ(]ȯ,l+qo{od##&60G=1ʻԢ-4*)IbȍŇǥY}2PKd{#(8_Nk?wڥSw+i6m\rC60z:NAN:UyhA&ʶ:m$V\0N7v>ګF\\;}ǥYɣ>V}JؚZf,<ͺH9\0kנ݀\r0lr3TƐu$KNtۻTT$=Eci^\rV(2.+2}*xNŮtVyos=ASY3K3GrQ#EDni\ZJ]sVѾh\rM.ȡ;+@WyI,͜ha3{fUP\r;[bRryOjK;܂}5\\O-wW^f(Kxm^3&\0_y\n7&I>\ZH,.}W?5K١mCN?hK{v鵡lUK1)a#?k*Ί͎GG\"b}+Unm#rs^X.60(AF*M5]\\cz7n6rSrsZtAkG7ի*~m-LVW9d ivz(y9֜NSCTѶxjy֦㱕ζZMĜ\"!Gy#Ģ<N|\'+}:.C<־hIo7,qm\0Y\\ϱ{$A$Fՙ~hk%ߨ|5OX갑8F_RhO\0dַ3#ޱ<SohMy\no4ˋ]W>#׮M-^5RG9jۙ?~ąUgmC+9>rxu,ȸO]3S?:2\"<[g\r-皣44{t֩&=ͭ	\nBuǿ_k4.wJ\"2~cLC+\n־(8]E&;dc+Ό|T}\\bVM6?ZkA3SH\"u?[<7[JxXPORni::r<vuWɟMcߕ?U%=|V!Xd/0Jrk#t\r՜t~SNeaI??\"rZK$Znn#һNJ\rL<cߌW6co6*(}bRLtP)kw,JkzSX+s+;&R))P;-V֭t\nLd.6	~uaDgnFI#.$?i(j}w%3yWq:mq5>;r1\'t;X<?QnxH?aQ_cX+n:ROlb;ןĚ~\Z/\r^E5SC7d};?Kuqo\'O=T,u)^}-ʫ?*1*\\\\LtsWhZK7gb0?5Few=$%3)~fXɧ[KXqAFm?XL\"2T\rQՏKcx-uU+p[q^,#9vq9nIrK\"x[7s+X&.o挋8p+}GFk,6ЬÄ_ON)|Ca#,XxIy\"d+HVU1wᦴ}9	x\0y\0+[Ww\0\"w+3/wO\'ҭo||$ook#2 h\"?+#nMWҭ]Ǵ\0_U9*ݻ\n\0jp$Y|e#\0i}:{Kx(5We]8e<M3J֯h܈|:Դ;[9\";\0\0Q},߶QR\0*0j_)W46nFv߇Oֵ&ZO:V6Caj$p:Td3w#EMb/^e.Wf\r:8>9]2F3s7c)S)P5:zEtRRu12pԠ̀Oj#2=7O8۬`i\'^}}\'sʹ>Z7A-qabL́:S̘Yu3 R݂jsn^FQ:+M_Wk$ݖ8#e$jbxPiMF}NJyz;=_{~1;I7ʙb\0y8sn\0>)\'x+%f,qG(?1dKǺ6o#	T`.I90Z5]O3BrOO9\Zdk\\GrvЁU.FNdg2b\0^A˧6θo^+s:_0<XLe};XMz֩edc,)\0WPw],{P\'EZf2Ӯl\"wdScg~ĻPmL~&_ԵM1N7S1HW~\\5ZvbcֱsFq\r\0{>Y[U\\ݸ\'\\]ôy\\ƒʱ,JMkS,k]湒QPawT_S=:W&e(qNnXxgZբk\r6y!NmϠ=ϰ֩&Y\r=@U <\rQnM]1~i\' n`?Gj_m\r?DwDKk@Q8Ua\\D&c^fi{d@cewz57>)o4DIiMa\0<䢡O˱ev۵bM՗`UzWEcE+5y/Yo -Ff6Hdury\\E#[0LFvo1=6T%H1ֶ\01\\=esHܬ{Vї0lXj<UpSԵhtO8;)cR4^WE+yxگ,}:d4q#[ħKН7>z׸}1s)nd$e}\'>trXNg1O\ZO9_ǏaRl粉7V8}+о^ji\0e1>Gk7gJ%uV˳9VmvmJbUկtx fibA5=㵊.eFGSzzVEZ2ci@zs,~@vF\\N/QwJ5e2ʠnWm6Ț?:0\nrÂ6\0넼7ZeC*@xk5mItXFwUTn<}8֔YxSCQ^Tެl$`:^Gs.m$mf8ʼ1}k|%υ4iYyCmoȑX,{ֿ(<-բ	p>e*y?o~Gv\'ۥo;\ZE7́׏DƉfUʷGOޟG%a򬁸\0ۊ~aܧ#yq>g]bO?zNiK]KhKNJ]\Z(E\0JA#\08i/*ڢZ٥A$KrpH\0\n#<V>mKʲEu<Zx	Uܷ@3ex&x\nս\Zm@W-G8\0\Z\'Vٷu dzs^#/tql[#R/%b\'3i۟ߥCͷoʊ垏*-0cU,ؽ*c:ye[iir+)\ZVp>M\nwSp3SZ:5꥜En3\n̾|!u7Lwi־rt\'wTt0Aq^a\nťG<3dIg]gUXxgMhs\'\'í%4QzBv?7\0\\gnڄvҺ\r @*SՑofU-V/ׂ{ƺ8~X?agDŢ}˸>)CH#)ۏk鶨UOcPg8O׶h5l4D^vIcIm!qy5ڏ) \0\03tֺe\r#l\"N>\"x;Ɩ}z6.HI\'ZB1D/;m.n,*$Sn$-i:DUgq##v>~\ZM*C;<O)ocZ|wGm:JGeVq_i2?^<Acq\r#čv\\#w_jL^roh$gXwywE%?]6T\Zl\rT+J+kVtP-Έum\0OӊW&Irx=⹹e{=8\rӕXW^Kӄ:+88eWk%߇(_n-dR[*kk:qtGMH3mڤQ[=^GOҴV/;[ImˏuQ{Xgx9Um`h07L\nqZ{Y6>B42Gt,ב+4/	AfXp<\'\']tk)<qown`Uʣ0g^Gչ~@=)K5fP\nݛ7$y\0X#WZuim#ZM$\"B.|Kұu|jԲܰ #}<omJfEhhxn@ݑWivw5tg؉ݳ[ڵ6څ0*^<SnR7$U96=>شp9Ѩ\0kߕ(޹גʹL<}*m*9d\\j5_ޘʛ.Eli˧7*wN\r%bZ^oQ[w5ji/ZH6myɵ.na\\,xBs7f!Ud+x\"HCFw(2=.u7,..Qb?\'rۏrGL{tFZdP*@hPZ\rnǐKAظpb	Z܍}OƮŬbqҹ\rL_:r\\9[Ktֻw̱lWTj)5-| fOiߎuh&#I\'?֭k>1VpzGN╽ˣ\\GrWbR,t`Bc<I9>>h6N24019\'W/xoG_5Ery?_ұ⯇c֚|vt+w5IwkiGku\Z\Z[\Zx/\Z5`7pTk5qiw,%U_-Or[<Wg	le<,T)9-e4!]M*\\bAQfGpIg\'-5{-$c?Fx߭S;iI-܉<[m㛧ѧIcs<2)fQ*ssSUd.μj\")hn\r㌐O~+5=Y\nv=B_j(՛A女r\nWV#ڽ8\0qj*D\r)w6T\rKq/n\'\roLo^\"KxΖe\\+ӌ\r/55ƛs<n T`oǩէa\0fGi0ɐ矔\\ʜ\\&Яu	-74r.یVi#Rp+++2fL<x}wt9RO\"dvDPsXܼѫ?Rӊ6bww<JUJ\\DŏJYie֎9Mrx!w0\'lJ\\شjF[~1IK8LM#\0Z͝F4ǖz2+B7~cx~TR(Sqp䅲]qZ{ZĻHg\rck72\'!\nSzO_XYßRpǖ?N\"gLٛ]ۖc5.\\`\r.\r+=ڹ\n}s5f5Vrjekڕʸx4+aQ\"Gy晪ɦ?dG9}럂d/$pqѹ\'FtJ^vg.}=+ėw%Uf?\n5ձHV\\CxYzڈԒ`pOy	iq۾yp{sLmヰ}56i\\g5iI\Z\0]*,8@ɷӅyӟ6mHc>!XNktb+SYSW՗\'mJH,#xNmv<B׿y&]o^ֺȵ]NN/C޻iW):<ڝ6&U\ZD?e\ZyМO\nh?p5Ro6\\s\\@skoRMu*x\0s[*񞍙n:	ͧȹElH\0R&GVnw\\\\~Ct9s;5:I=($B\0=jU.tLbe¡y8,UecxccJ\rUDFgUX.SϜ\0W+9KT\"[\'}b];PoUꆣCog4hf\nzq^a{ΞW@KX>U$\Z5X#5ʦo@I<n]4\'@Gɼ(ݻ`enp8m5b^J1vڳo[rاʊ_hc-ָs}olG]\0Tՙcm:\Z9X:ն[[YH\"UO^Xe,!A>\0ꦴН˨&+$\'}ixóG!\0=j [>d]XHw1\04#Ffveۻ`\0#&.<66ݝq|=[I5Ai;ګV/*`ʮGo3l6_:Ity3Y\rS\0Y݃)Xߴۺ3ҬV3$vh7|B??PZg\0ҰXG42aW\nUe8PkV5P,I>§f	ٶ\ZK\ZKԥiw:monʒ\0+ Y5CENQ\\|8=z/߇px_NkRMcOW	L׉l.Y0\0	\0}GNIqX?-oYLz\ZX`N6:GZ<=i/fHƽ[yr0R9|c*KC_}>5CGA>\\?A]kx<#vHw뚼n<<Wb1-YwјhޢuD셁\'NS\\/b[5%8wf\\$8F.ݘ<︅<;?e9bNؖKJŗYӖfXq)g`\"Eh1μ-WQk(s|OqbHg6}+7VZSFPҌ|g\\st-|oΧDR\'&h(R3|J~lwUÁ;UKć\rv>b,\0iM[7QdgYus GU=gsN$vɚ96A6k$ ^CZҠK&_La w{UJQގ\nj~)[S2FIã]EF?\Z\"iy[\0\0dgs\Z޽լ5B΂7͎~\\)+r^hz y94Sfʱvi}~\Zw7b;XyvR=N\0>9-Gk\Zh00|=:KbdyېT!߮3kzctEq)QjNT-\Z탥1\'\ryZXKOyG?*uMs3$ĻE\n\0\0=mw^Zv=/ ԙ\rXіui}jklrCjuThn?1?#/`?2\0NxfN7,Ƙ\rx}iKc7y_Osȯ[߃\rym\\IJiZVgU%?XIKcZ	KJ03OZ<-5\n.%VGG#EzJF?kᛟ8y.q%FZ>Cd>ln^JKka?$aJn#bJ6}-GG_JҹZɞ{+[:+յ\'wޡ/澳t\'9!SY%#tF3j\"wڪHrqssj#0%Z\\K׽bZ H\\I),U[ϷEcgt6XʚYh[sԕFՖ5Z_ǇwKt5WRRfa\0Ied85t({\Z3*v(ټ\ZUzTIU0dw޵W,?ߞ>}\"k!$~Hż_}zY7\r9-CH\0NKՂx cD;&1ѺV{^8-rm~VqGsO۪<F<%|kZn4ќe(9$u+]\\Ơ/%x5y5_P\0?\0~\'R#Ekm7Ul?Aסh!\Z_fkuOΘ=s5źH8N7`>V\Z~, ҤV2G\'sQg\"O{%cqiv\nr})bHK$r,1NA񭹶\"\rⶥ#0\0y8!0\r8gTu+yrH=;\Z|+z-tQOjt߻x\0hzU-:_G^OMhG%\nʴ:;-\Z@[ڻOs2Z\\Ll#ʱ|]is]\\6{N=r:涋C/_om5h=סǮ6Ffd8E/fxtztf%cٽߝER3Wt-ZDoQd7\'U#`k/JX5rGȅ\Z\'`kkxlqsՃd)k̋dc9Q.ukcXYnn]9&sߴ#a}XEjvÿcDN~lc{WK\Z܉Lp&My嵆E;DfFQM+mCC_+X43&i)q$fg^n#^yi`/^[	G{?#Wk:mֱF~eZ=b[ˉ5{{Ua[y^%|x$}ѰvМu65OF[UA@.g[+pV@	!X:j[\Zs5Cqjw^\r)l &Ԯ\0zʻ=ڼ\0BҮ\rH%QzWX]i*\"?.+bR%+Ɵr-VM_}$(FTǮ[j<Wo1đ\n.] BaH51W}U&%pBuϷ֪6~ǑIco/69Z0n\'~\rNrK摿vzW7=Ϝ>:>KR%̟>1̒כCQ\\KS1O_\n\0\r]ipfWu{wV,md\Zy)\rF>l}Azu\0Z!W;Ϩ\')S2gGJ8aR-}>7ºDZ I}A^\0wsHΛmw6jyrL;:bC\r%#lwjOOz@NOi03qS\ZsfZ=-V+]ץ|dk1#.VrcEE?\':W+XG)3UZF֑?|?֩xsB\'U|Y[qZ#N6E0\'ݍz\'@s{7=z+5/oOE(xg4v\Z;BDQgOjIjv|[-j&LFݬY\'Dc-2vKK4*a kZ}kPYi\0H,q\'dѵEq|7Ey!RЎg񩖨+y2,;VG\\!+/Vt{K;HG;KTw6{n3Nf_9T[\'筍ygt;O73`/,U_ZlFDzf=^<cq\\?.)\ngqV&OU6ȡB5wOi)mft n>a[gѭ\'c%K+d0rfƙxSؑG|襑v1Z~#；m>k\"$H8\\薖X7ݖCS/5=VVЖY1o-|G-Sk[R\"gmQ35\rS:<3$.}\n.<q4Z^>ghgȥFe܈FgmhM2ܴ(z*9L[_x\\ywLр<pU-VPxgi:6xxk3[0bJ2do\'5ݙqsYE._4U/]\0h`9lu،N~hc#\0\0+h$OR/I\0\0J\'\0J<^*gJ1?8/P\0\0\0uP^\0\0)c\0/\0ש@_\0\n#6X#\0!ֵ­-RdAZT?>G$ui,j.}{q|\0+<ཱྀ~:!N?7WaQ[ًXzH>r(>xfw]GY.?\0u(?CY\0J(Ixo&\03?PCY\0j(ɏ3\01\rk\0E\0x\0\0\0UtP\0:xCZ\0\0R#b:\0\0W@gcCzz2F7\",>˥~{s&-z]Y疿\rI\"ە\\CxYjD*(GO+a\0!wD_ib\0uQd;a\0\n3ß?\"?7Ez}Y\n',12,2),(5,'BATMAN ARKHAM ORIGINS',1,8,60,'\0JFIF\0\0\0\0\0\0\0C\0		\n\r\Z\Z $.\' \",#(7),01444\'9=82<.342\0C			\r\r2!!22222222222222222222222222222222222222222222222222\0,\0\"\0\0\0\0\0\0\0\0\0\0\0\0	\n\0\0\0\0}\0!1AQa\"q2#BR$3br	\n\Z%&\'()*456789:CDEFGHIJSTUVWXYZcdefghijstuvwxyz\0\0\0\0\0\0\0\0	\n\0\0\0w\0!1AQaq\"2B	#3Rbr\n$4%\Z&\'()*56789:CDEFGHIJSTUVWXYZcdefghijstuvwxyz\0\0\0?\0\n\Z\0JO\n\0~sH\0[Qk(_dv>Ċ>+i[}γ}\nEo#gv	gzFoj\Zh#̲hE;b?[\Z|=hzKk=AC@;ƖF;ill%Ŭ,{#VȭR4Y.,|XnAo.\"CBixzz[0l6f#d<9u=sL\"Sfф/_#he@*Zl׹kpBhfMn⻍:5-24%RE(aךigͬ[?B\"3R3Q7S\0X\0!^;-bgccpe-	e˅הh뛙?OE}[\r,\0q\05 _\0ѡRSI/f8̲ظZ]P1\0G\0|\0Tm I/e\0SE0dz?M2\0<4\0.??L2K\0=_5!Z@\0ts܏MԩOj8ʲ	p\\4\02A\0-\0`wuFӚ\"	KЭI9$7\'^ZͶA\0v7k:\ZRע+s{qaMFO.d1mlʃָ\r7ɱ)&da;{zW&AP8#^h/ȿK)cB!wv\\E%a\n=\\i#Lr\r{$\"L}a*7u<\0EqUo)ۖ0=}XNH\0{{\"5*\0<S1j#GOuUZFTCc8{OA\"$X<iGf	=@mQR8\0S*^~eC6&E?\0#Qu\rnOrcj\0p?\nlʛSPpu \\U/\ZLj2*U9sݓoGar{-瘦\Z*[9&L ^{gKwk-sm\'rn\0ҺxB>^)%6$[}s~ \0=)zW#q?ilGp^rHa\0R(8RFO@{\"ߌt&Y`nf_o]WV(vddV$^\"Dn̤3!}zZ7w2Wiaݛ!\npsZOc\"+Ȓ#tdlqR{q^Gj\ZN,wMӬwF?^r5v|%Y}8v083OX >f8ȢՁ0q֧UTwSpI3VY5HUfVvyoבs^Ol\0Osj(Mo\0\"B2ψ{Fտ\0ЅxmЭT-zZE,|2\0ZUZVHۚU1B*eZEa\0\nIsҐkĚ#[qo´&N?Z͏5f+y3BȾb?#?z<\rOq1!ɏ^\nJWh!bk	bY,\"\"tn>D>_z%qg<vb\rY\nK	,W=1Pnaa*9]q^Kf~&_<Jv	ԒROo\Z[$Kv\0orqYPkޛ奫*۾\\ecOF3B,.۴.U^}\0sK&C\\ŵ柊 M;P4u&N6sZ}ohmBGp|Ӝ?-6ry*	tkƧZ#~.F}Ί;|g\09ǾhXAVkHi\'K68AG~EX]U==k+]5Mo/Aӊ	hS֩K۬!(Q{c[x\ra]#-f;|\0\\dcԠ&31D[=볋GPY д֙&ll\\ 5IbqVE\nS%\rL~NF*Hl.J;k*jl͒{բ\\+\'\0\"ŗѿ3^@\0fT6}\0\"6\0\\+,\0/>\0U\0C\0BVC#ڑB8JHYہ랴gZi+mApOJd}ƚn4̥vxp\riyRP$r|/b$a[#PELp:B 8\0AcObchJwU\0g&+sBcuAwBi+I4$jY^4AqӘP%\0A?6{YnmeP$C6ZOخho\" C|x=~c@eݦcp۠`lKyvт[qzu֜J\'t{?7NiQJ4\n܉TĻ%tce+t{*J,nF1#\0\\!ӵ[H<2}?\\Wa/YZo?-=G+CZ@HP3<)yEȫ4\0t{[ 4ؠcIA1>&>^t}#O1,Qg?.rX*84,K?VOp\'6I{yme\Z`J)nX\0eX<1GJuP%ݨk@0	le=яNCp\088$,+Ih@HASAsdqBT03=3Zf`60ZG0d5NHAIR܈mۆsrR,vfL?\Zi$C@MCsc-ɶfT(b>-強6C*$#dc֐㽂o Z5YyNps\Zsy\\Iv\0M*iiyqq<	-&쥞&,Z<E8 <aM	MQW%\0U* EzZ7\nKz߅[7j*l]=͚(59}WW&#BR~uT4m2\n48<T:Vd3FԘjeҒ,8\"U-;n8✢=|o\0cxNemLD_7\r}4ET }_ңlh\0;3^ͳJHdAivT8m0#bcqсl.[JmG_6ۥDd\0yxF]6vcӓ^artlf]\0[S:r9+CPHqRU^wTdjĭU,xiUq@¬ PHQ^pm\097?3^P_Fpآ+#SrZȑ\0!\0\n{VePA1GnU*`\\{ҵd(jryQF\rZ*BHLb=iP\0QIgRH1&=_\0٩\r=jޠ\0zyO\'_RFnҜW6+/.>*m\"b3˻KTsJWDY=Ql碍O;_g/6?Ou*BBEfh\0@#MaT|7u0)UzOz`{^iV$݂jr<SGFU`o,=qCvW9xG7KgbC!T88P9\'u*+G?u9^W}\'U\"I#oy\\yOP	\0[\0JUtɁ=?k\Zz쬔T6%A;2;ʯʬH@9<uxGPP5-ze\r\Z)S9&\n@ԗS#AGN9>\0\Z\0v\0\Z*lע+S\Zr\Z+^5O?!^;Ve2c\'151hB&AVSp̅ힸcLZLdVVi*p/$05\'Xmzy\'ɘY\n|)cGbrO$׭fh0i\Zǝ[Ψ]YK ב%3.~.Q\'ڨ9*<\0u\0/$/rbo:ECN+Dl{_3;.vb\0jE[]\0NJm#ֵq]0*}૷Ds\'G+Ugq<9_6wƪ`jYHaA5eʌzkC7SLػv9`\0ea\0WI-yOϳnqB>T\0Ji=QUn8㚺@5:$67yDvP\n>d8MԮuM<ѣ`On?X:#iy*/Hz=zkk\r?V[kB,QH>`XZMKZ[,73	]rztⳍXsrlnT~MYgE77h#]ɄT߲oɾKe1a,d_GHM`[y[$9SNzQkRZl˗_8 n#wOKI\\M`UֿF\0ЍyZ^~\0\ZsZ(w$BO:\0+T\0c\0Br<*,@iLQpBGj\ZVE^%61ɽU~dTю9(ڬqYE1ʾ/|\0\0wwk5ZworU\nU@*YH§nM0P\r!1G8K;]9XOzذ)(\'WCGi0<oV!?޺{(zA<!I$svɯTӖč޾buG={K[!*VΪepy[>l}ꦌ$ynqI=ڜV5hJy/ۍV\0O^%x]ݓ\0fcT2Jbt^HX6lTmn1U$۝\ZxmhY4縶eiv8ݻzp0t 巳tq !VrRESk_\Z~ZHv%?#\'8W:m\0IuW?soߟ\'JIݭ/ 4YvlZoKU69˨e?i%h{aZyp[[4U\'hRG$}q^L]n䕖-[\\>m\rp^GLB4{~Uܟ^&1N\'t޻P\r\\ZTi\'-\Z/\0ȿk\0\0Ѝyzq P/69EVF=|ݏW^??!^S/:֙ZT\ZY*jjbU0G9\n*42La$^V\Z?|$i^F坋_Vx_[Wv30Hi16׭442E:R&Z\rP|i3oL#b㞵N8Cy5k1ۍݹ[-LEj=06z54qx<|ULKϘH\nt>)՛Km%tIeMW[Пl<Iԟ퍨1!?]|p{gsm<4cb2>/cnu$?穮oI48%I)p[[j^|=9͍km6g1I\'-{cW\\XKk,)Ovwv?*8Ȩ,i*<\0[09lUڅ6F\'jD6qOx1-42KJˁ\0t`E-)%ۤ[mHl#\'Adot}c1:0]F=OLQPL1@\0\\}φ93ucfW+W\'h>힚Ҥr^rOM(eN4Q.wO-_1A^\0Z\0#ZcnjExg\0k\0\n4~~8\03S\0c\0Bv|֙(J$xZUQaZUx[T2jeaٶ\\*_G<fgc)59bjJA2E<\rÅ~\0z<BkxRE]n#_T^~-tv<<(\\5[&H4E$T<{V5	n(˳\0A>*ׅ4/ITH\\qZ^+ۓodR\0ΩZ3[&6#\'\n@Z\'=xƯ:UGzψk*{aqjn[m(Oho&ܫUgo{TY\0Ə`/ :vNGLNF2xEŔa\\MGYv|\'B8x.#7>HEITY~pIwqJȱu}SuFFTHGHfeハJn֥eo~t!{w׶ȉ-:0\Z/,FʪgzqPez}:_mKmuoP<6&H#)/9\\uRXWZD27vP<̮X\0qeO?w1Sn|\rQ}J\0\0B5j?x+<9\0 ojl(njQE5??!^]/5>7\07R\0k\0\n7J֔i&jcϵZY(ZUh*tNZEL> ա|)Tj5ss.qu8+8\0dzC.P{{#mlӰE*5U@<![@jIh6>I?RLPqٛfbSxuZ\0Kd-s~aתk:g;[(VI>CVrRv]X?xzcҪ,RGxRٴ<OpYyry|m.2$g_^5ZF)DHxϩ\0\0GQԿ>9$aCa%ܱ*A=CeF	⽓Fy{{k[wKivDQOH;\0\Zm|L5jXѣ6#ϯVbr[p,,̜|g5φj?TTImu>:Y:퐖;mAX̴*éjfe0b9ujvsT4\Z9G0?*kM\' psŘ|Tt&ekKG\0xAou{/ڭ%~13|\\W]a>H5\'mF1Ҩ?k!*^(dh8&/ß\0F8yZ1}٘\0:75(o\0\"n\0\\\0Bhz\0MԿ\0BM\0P֔lzԑTj?ZKqъJ BFTđn1_ VNliXE}k`wKAnmoIi\\f0\0(8u]{MPFu順V\0d;Se#q{..{nK+=i7uPF GJlcO$ƵnrФk_֯sмmR;+I`$p}zտElݝvn66?cӵ1tVN\0oj΍sĎyDcE9)(d%Uڧ\\|%ap{~kBr+>ƳKKfm?\0|5#\"aP9;wy^25ʹRmK$\ZkJ$Q+ Jb2sUۯ_j⫰$T!_:WxtcB_7$#ÿ\0FCsR(\0&BM\0P6\0;R\0k\0\nM= w)JOzn!V-*bD8w˜{Բ,kVjZٚ	~mzό6%w0\"sR3Ox^I13Q d?5Ga7<C&,+j+h`d\'$VKHS\r#\n2y\0\0PюrU!\'8NsQLo?HɱrG?΀9aZ0_D:鞵1\0A\riv\0O\'/\r_]FHD\0/ԿoÚ5{V5\"ݺ;xSdJ}qŉԳrj_\'kfظ[J~4ܛV5\'n߬Σ)U\rwW}cR1=~GZ\ZU[d,S*7$q#<]䱣L=4KcMF0\\{r,0ʲ_7FBWz\0WFO]VC@c煾/*4#SُJJ\0A/qbZ^gVt\'8=ӊ!㞞ЊN*䞃j\"_+;\0 _k7\n\0\n\0\Z\rJ(49\0ț\05\0Ѕy]ݵ10W̐.3^*gsmtʟOWȷ:ިټ2)~vJ%s%vқa5ʳ\"Gh$w$\0Q\06Ie?~3*PD\n1NB-Ķ3,5xΫesv!}0>zu\\Ӓ5j[=C\0t\\>\\h=Σ#O/\"A!v\n#YaN]]C.Tsz֖A[5\r9hvq8	v?ӽHm gobgڮ4EI$I]A,S3 bY\0 Z\0%FIq\nӓUĂ&.N2WWByS*əQ6FDۓU(7\Zt#3M:yhv-^cCo =Elo\0\rn{tgV?tt[٠|%R,\0ww\'\Zvy}VBAWG\"P\0Qs\0	\'$Wp+gRr#\"00y=	mK .\"o[\ZlruT`]>_ڲľYڱ#7oxw\ZKfuG[f=\0z7V%}zXZ-cqof_elQi\rCI=NVL^3|ɬM.\0ϛ1v=xk{~0\Z.icI6-W Oj\0\n\0\Z\rW[M?^-: w\r-WXO^jAF{;R~\'!6X}_ EʛQFsx\0~?Z뻹gJc&*I\ZE2<g</`0Xm2fG?\"t=y\"h8,OE\"K\'V9W5U\\Xқ$n|{׳57:\rSC$/;sq\n0;\rpZ?{*9\0V4높͑p8OڨjWqyR:;|TퟏP+c?_\\I N5G$UiFGa\0x5wI.sq\Z[.Xʟql{btڥR:~ G]#)nLhZZfE<\'R\"+,Qn{-~c\"(\0w17gb1anzߠi䦁mb\Z>`tOW<)oh;de.Vn->|hC1ǯ~Tϵ+\'\"LJKj \\~a^Z]6ѺՐBa\roGWMAbo)|eHaei3KJi?St}j[)\"ơCgڣt=KZidYO.z*1oh?5(ΣA豟NV^V\ZWYzI{tq3?|qT\\L.E>8\\!k /.dӯ_c]Gz\r`mrķ\raF21#w9HXǫ/.}U8LE/ݾc5aK6e.z=@?Inخ;5$ǘA}+^E%ΠR5kȃ%\0e2}\\ײx]*WxFeu\rLw:j(\0$^\0oW+nt8}Cq\0\n5~0 {Bc ઎}i\0=)[l-<|;N-[-\"cCإAǒ4͹r:qRY$ڲLʡ~w\0;	..N2[\0&mznVm<sRk$vcvݠA+8oZU5M2O\nϒ8No|G@ p*aD1Ha@P95,-@y^9T/<iw|\"ۭfOV[¤XwX7$o\Z>Pr	U1\"55\\+9!$קHq)³ &qYۃxr{}h@zρi}	09~(i.V\'!?Ju)-4x\r@rFk(Im@pÜ8\'ǭk{S-Ol&~P\ZlV4Ʌs֫k\0k}=Gk5T\'zqL:=?۹heoް8b\nvQ-<AhvťMJ#?e-9\'ָď*TFc?+W@C6ȂFF(\0?9nGvQTkh/qJ,<eYҭޞYi}\\|F+áBuM@5 \0xʸMKZ/{5%W_(\r=3Y]톡/F6nj>,?hސ8j:{to\nAo}\r\\n#mv6Ik\ZH=0U(ܖy;ݭu\'2:o斚/t>6,0Oּ+adYXq2?m\Z<!#MEdTٱEVF#@gូ=ma_:2<sٳ5grsZ+w?\r5Ϸ§i	+pk5ë֊}i]մB2QUݖqi,i\0\0kѯn/t[{)e\0qzUo ۹*?|hΌa9ZI\ZQWVax*O/sĿ|Hx\'WM+hPg.muk-.KgV\r|>&$`ףNMlrW|otr7Kx5	Tpp3\0ר;ӆ1ֽ+#Jp\0Չ].-y\'F?W!!]r3nt֩i<\n}@bu1Vݘ/e\\yjʀې0O9-7]1J$j+;e7\"kC<0ܼ֕;;1I(}k=\'/$-rqcG`{V.a_a3,sqҜ{W>oh7Z7TtBn.#\r?=q8X)=ecϔ>\0WYsM㙴\\$\'ܧ+>[Xnʶ\nqΕ+x!&1%̑t\0gK<j6j#]jpI0CgW1٘p_?lֺ;5-fWx\Zqٜ%e3C}\n֜#Bv֬f׎Cy~`T.7˸<_~Fk\rKC$\0ݳxw\"/oZqy0#葑\Zy=j)m^v-XU0\"\"\\ƥ\\xk[EkQ-4taK+1rNO|WcAϦ[OMuZR,v)*w3tV3Y\\:C>J\n,t[bj~23#g~ihKg-N<?_{oQ<|ֳ0r6`v럥ejo֭嶳M7\\&+0:&GwOB/MX\\^ޘlR0X&d̹WsaּajK5ŴW6qo4\n;a7v04˩,f_9,W>}:oyW]ak\0o|0\0S\'oEVeំ{+珅c(r\r+菉M?W	`kM:&\'y&SԌwiPXc$W*/ʿQg;XΨ[wmC`xE3MSOD$1 c󯛧JT&ϱIT\\G7NLnls+xx(rOsZɢTխilm8?x}+\0yr8x!^\rU׸RS*&qRiA\r=i-C*s^M	S<KpѼ^8\04q1\ZW>SZH	_*679\0bwOcLEe<g5=C@,^HHuGuoiWRj<pw f\0Fn=j\Z}7J~hqn5w?U\\/jiv6kTȧ$ȫ70sb1<5?iwΓ;e	f5[TQ1ʣFMBќlU:\\{&vu4ʡ(ۇq֊2gNf);\nmS]\'[!#y9*̘\'{S;K1TKqèa\rExۅ,{LO#6[׬V_x-;Ֆ3#][883Ɩ7PG32?r[RP;֧,[[e_xO\nİԮ&]7TG#\0p}G]6ءiAKo̲Esn	#-\'F-ŉy95Zy62/6nyRA#\'9A-ҀCyBEgþpscQߧ/t{ğN=\'XYBEd,?墶_^9 M=ΛLme֏5pZMy?~HUI<A\rٶFGe_<\0oNMj\\L[~T+ĤE-Zɽ,lN6	+7ؓ~]7)fcm\0%|FVa?	Oo\0G{ET>%`8s?{.`{Fώw`}13\0z+ه!#	@\0wb\"WO}R5\rψWs30-<%ep!x8cxiPqӁ\n>s-7O<4X.{/kq\' M+NUP9%񶨺ǋn[b#o|;Zs\ryr3-.ry>~<I%w;N8X7MTJV@y?Z@8S)is1aN@ksSN;ӭKp	[V݊Lw>.4\'ʀ8eʇ?֝|hcҫ\'yQzt?WYx\04`GZ2kBQvI4hs3\'j\0@<*r{Cp4&?G\0|ddp}X#WkKiq\"un.%__\\Fe5IhJy.F*6su[6f\0l7P6~QnJ[I&гl|:GV),>ɯ\0%\0Q[d\'W?PGEQ?\0GIQR3',8,1),(6,'BIOSHOCK 2',2,5,20,'\0JFIF\0\0\0\0\0\0\0C\0		\n\r\Z\Z $.\' \",#(7),01444\'9=82<.342\0C			\r\r2!!22222222222222222222222222222222222222222222222222\0,\0\"\0\0\0\0\0\0\0\0\0\0\0\0	\n\0\0\0\0}\0!1AQa\"q2#BR$3br	\n\Z%&\'()*456789:CDEFGHIJSTUVWXYZcdefghijstuvwxyz\0\0\0\0\0\0\0\0	\n\0\0\0w\0!1AQaq\"2B	#3Rbr\n$4%\Z&\'()*56789:CDEFGHIJSTUVWXYZcdefghijstuvwxyz\0\0\0?\0L)ҸƍtъM}/N\n	l~\\HK]7\'hcKC6S5&\'S[eoB	R}--tP.p:7^ЮKe7};1ʿY*UʹE4v<ҸHnf=\0=e/eEKKčIj0\0>kPà\ne=OX}fph&eX k4֩e)DёZ\08$F|	\\B\Z W\rX(<PrDwcJnWQ*}C/_jUu`\nW7ؤYE$8#ös;u\"O[\0s\Z(P98tT\n+FT&4(\0(\0(\0(\0(\0(\0(d$|~#i^:qolg=;c~_*:~\0-Q@\roJ)hx|rjpAj\'	)\"d:\rn3Ë\'*$$nR=Ə+mۘ8{zWxBIZ[YnJWx;Oq5̾{UVW{wKU#Nϩ|7]R\\*m}JK햃$٭q\Z_dn_\ntk{i,ϓ$FiYRcNEtTP*\0dj$ܛlVJu}\r7R,cE3[܉w1YvݼjZ%Cj	TgLm4wݾFIN\'beecz~d3I+{`Vc14^F=\0W02yέ/.OңmF\\F[c)^UnG|⮶a^\nƪhooҢÚy۫[]I A`w)<|v4X.}:}$ZK{$;_\'-xmͷԨ_Ť`\r(Tv!~7\\NZU٭-hDsߠ	H>ºjې_,k Ivozʋ0}rrbmn1]EbǥY&גHЫ,;C\0\0{w&~.hOꏴ\0=c\0Z*/E\0=D\0Z*?>/GfDT~|_Ώ>?N.+œkɠBtm|ýky\0|~tc#SE]\n2ojW#}wwǰQPQֻ$x+qE`cxJKehv[yei#O]\nڄH󩐂@EP3\'ėOc}Z0ಚU\rЕByi>)I-\0U}	5\0\\趯d3j֜Z`;%6 \0UKoJp>lV\0⫇T4x뵸]ZN\0ZbGmAJom~U^O\ZI[-\0VLwt2++EJţʌ,eQvsޓnߠ{o`UG/o6U%~&׿JU93ޢN\0^qTa4D\r\r\0ԟlOƱbdMBͣoI2?(}9~#\ZXA/\\k׋(5FMz4\"-3\0cU|\\8t\'j@5EKxؗ3Vφ$KlˏBEV[]>G.\"?ʉp?\0\Z}jۉ.\ZȎDv Ϩzq\Zc$^#\0PGj>#\0pGkJg5hYWy[ֳoo\\ȸ/lAXNpуş\0\ZQ#5l,8xsL`.O\n9W37by5ܱO?Teqo*u?Gm,!ھPYՁ?zqҹeӍqi=p(jӳF]D5\'7\0W_ǚkXU*vB1ٮڴH9<X7?/H:WD\'UbĀ?U/,ap~cO\06$:sML9\\Kp>*Ar-,?\0߾u+%ܱbW^W_z.?srVeӄc++#s|x\r\0m_\"b>58s\0>Fʀ}*eP)J`y=.Q\n>N+Xc$V.r\'d(NumJ:DZ_imkȄHVo8u/aǖ\n;Gχu5-Iq#im\\RSH蓳#\\#5q8,C/Zo	[kK[ye_z\n؋go6[K6Y71Q:/dkL,S3Z	\0*ɧ+7ds?x{}*>n|ȟN+~/pӅgݕVO~K\r:lnfBڣ0f5$3jKtpĆ\']Oa޸\rϤ0ۜ;fӿi:u1[,弑ng=zAS໩Hd\\eEPQЭV68QȓRfyuhL\\2\0*n\r*VlKȷgd,o煳~һb|ZiDn>ʒ2&)^{V*	$rlt&5ڦZm.8ֳvX^\\%rB&08A]-7EH\\8t\"j5%ܱ+.]v?NiMA+jR4]CUf=6)>VFz_Bq֪\r}lr#p<OeZ<F߈6F89E/-eiڒL\n:突8t\'^F賏X[v\'\n}k\ZNG}Xp7UTxONM\r$4\Z|zdß´WzDz1,\n)>kHCa9D/O%ݠ=ϵsWz\\H+h*!\'G=\0]mD[Iq\r;NzT5H8N0e\\\\RVRW={̊ivMw^qR9wy5!=ps5oٝW{Q̶VHr7s@\\YA~ nǓW6jmB\0Lc,EPJˍv8BGWpW·7]eW}\0+O՟\0\nE7\0UȘnw4QEAoE\0`˟2j\0!xw?)8THt\05socc*}%V\'bhI͆ߴ&& i?Ί̾kw)%1T;zU[_hq2\0ZUe,eܱIrg~ӏ\'5qlt|,T?*$s\0\\\0Y^3x<)ṓvI\0ht}حǟC߿ax]:d\ZZm9,[h$yv#zgmĚdqTþpkm{o*y]$+OҺ?\rj-?bԠI>q\0,0\\5\ZZNcg!q${CdArN\ZEޠGRۈr0Mr]XEgL_0w7a_zs\Z_^#a{׸M?kv>[H]:cDQzчKI-%7nK{򻺫mQW露yKa39$yyw	,V-|3wwzkRM2K{vR\'8T쓱	X~:ϋM=WWMCg4ɶ[s9<Uk/Yx*8]J=^^E#J	s5ܶZ27/ڼϰ@	Qi6\'Ofٮm(r~n+[*E*^[@Cr̯2@a޵m{ǧ[}qT4䩯}y%\0r^ʏ24n1ޢqmldwv3;rkWckgRk\0jΙqM=Y^xiS̴c?gk=Q7qEi%BY\0%&-Fy2+rWWXgtRyz\Z}Q,|5B;}CQ}XK\n$G7W\rm\nL, d?6W1]:y\ZYS)EᱞI=j^[i6;5\0#mxXCUQS[<fY#o\"D\rj=nk\\]oxsSػBʹ\r7vP@+ѣ#4C W_xW%|B}[wz7\0VؘwTQEI|G\0`}a\0\\\0覯DHӄgA8/M^,\0W\"=n\05GPmĆ3ծ4#K$Mn\Zxi ;fFi:+1NOi$S^ߝJxz~5m?cߘHKeY~+dlIo˖pq=k|%hv3Zn;׏tB[X,!ZOc٪\\[P?ylҢY\ZSf^$m>Ш@ϯ8~ç^jqcMb(vY)=^r ۝U8C7 \".-e H~I-Y	+:NINcqf5;Uaq,H$8s٪KOw1ʩ\0Kg\'V]\\x^khm.	 KXTQxnc=NlT4fOtw-ɍS{*s\\߀tﯚvǀ*_ꋫkçΦ!FۨŽ@Y\Z}-[iQ`XƝ=R55zu瀭lfkY˾\"^_J$x>~\'$^_mα\'\'*Dl0=\Zo<Gix\r_LPq0e^-I4gKh/meo!vG1?Sի_h6c}=T\'o]\";C=nF8]m\0luF&4@!,70Ӡ=UlehKm P#ğ{]gm]h8.>\\ddϵp!@B,U1,ێ*6-*C7?xvLmI+%*I_ip.!.؎r	\'Lq^u~K$Q[rzI=iw#\\:ol<tzxԯA<j#v2+ۖKxXNԄu9gޗ^|zH[?tچn_JyqH\\2 }Ϲ370Gf埛8*ݲ8Q؆zڥ5h~W/wq*pKxKW:޼pۂU]E\0V|%8τ;\0!]p,l`vR\\S_X\0U\0%|_Y9S\0M\0|Tw;(Ƨ.SWŘ_ixD2\0E5|^ک#RϪcӮ..ȣ٭\0v0aNzF>*=k8_A0ʣՓY\nua@4)Y\05b=&lmާ%pS-\\%E^TUyTa>\\Z&!bwaV!y9hfMVծhVU.=\'I&25[ZV[W@S;#>٦\\xIxlH^n۴H0`\Z5t_N}s譥9چ&av?ZÖVtZ#ִ9B:c]5MgWX~Nz=j;]şZťFPt+-N+k_g]H;Gp:WGGovn:Er*v|W%M*9\0QA:lV.a0emhYZ7k.`,WG-w+WpH7cY͍̒t9UR9kWŨM%;Ř}\nT,gxd?gs<};8HĠe#pEdj\ZhF܃1qJVCF;/\'/kRW~P1񓊫ĲA@<3MŢyp|vV¯Lq\r;\ZԨ6݋6hvS\';95r;VeN(UM=>[XjvM6v>ºG#nrFDcR8(@<\0,VU=Ee]ix&\\Jp}E}gkIF\0m\0|#K;GRkOoG9VP`]z855E&C.SW$^_gxD?\02\0E5|bF;*ܿ\r+g++N6%\08kfظ=\riZ $d\0hd]p©fɶ49_¡L,Ҵ6&8Vڼ}+HNzГ%7Ur)^޵G4j)>R9VRĬЁ]rj-fU>\\xޮc_\\E\ZP/`+:qX^Xx7\n hn=?T,7VX4ˍvT摘TV<UhZ4)HK4a^Bk̕^SQRЮK/PEYI;[G?kox*Ong\Zl;OjMCo=7aaWq8\0]YΐlEنg52.49;DK7ٳe>]?ʢ-,}\"4Ք8)z<m؊wu<{ӛOIc+?\\8CLk٭ՌmWۋS\"6r3^y-.\0K7k\r4gvq޼TҦ9ta=OML%Nڣ{t\")S@\0#]\rW8\"-Xr1۲z6F}֔gjKH\Z<rsշGNc:4&l&qD}*s\Zؾݼv!K`0O.YcfkcS3|OyC\rv쩹? MsP=/eeG+\0EI^$|\0u\0ʾ7\0$E\0\0>JamvܚB4k\".p|5sET~3\0\r\0M_>|}XW4!ejaWéU9#+\r<Ɓ>cxHl1n0Z3zhf\"cdU5SN]Cp֤\0dW\'M5ubʹ66y0=ֻ$2,eV[V[ZU ne(f2Mkxr\0?ZcqQGVH֝kqsemISi*zfU-$7Oo;Dlu|Oq%Tv4j8=+:覭GqּYwJJIXAo#ZއBnqɗ+z;[)7?(!?֢.ٝn#%ֱA6&Ŝ\'`N{qڙ-WOUF}Aq!1+\\1QG643fe^ԘU=zU^`a\ZxԏoqdYl`U,\nZ&5B{aGͷvڎ&A ySQڵ\r7񅹍ڲg	8R1>K\"T3:T6ʦ5.?|75h;60\re*NAjU1H#\\Qa$_\\)vJb9EMiiR`VI!#d85!YIRs}i~ܟl\05$ZeMB9-^Bx#犥EMOX2!أoB|Wd&H-+q\'qwD<P	\0xu\0uڥriC}i9N8n~L\n7v!p;Ӯ7wv0.\\cJA]!miav|\'kYt7}\\A־<½Xa\0mˆuET~2\r\0߶aӘGW־-v?-E=\\Dj9tԊ|fCwٯ*y?ηvRi\0B<]@Gb=3ZJ)#M>By:\0*%F?`yw */B1ַ}\"W5Tb+Km`Zf 05B[luv能TVD#idf>ޣE%hEn\nc,$aP(cNjAwN3\\&:ӷw\\*hH~8lݷGl. ;\'\';ƣ}n\Z;A5	5*BCw99^mnk{u-=GLlo65@aMKC$z\r#LE@kv!.T5RSK[)+mi$0x]~]ٯ?.w묵H;H&8T籣? > !&Ӯ\"[8cWRU\0 r>+g&5,`廚ԓWOs,j8fTt^aӧ5ԟMXUWvȗ5zM$[8O.s\'Q-jl5\'+m3^9ELY)w?zԵ۝\"m9Mql8%yx8W|ZRE\nU-#}ߛ\'7k?^Ns\"̬~O^NY9\"p]h^2{1on+MxcC%UuF҆:s>ɢDhs ŏzo%C-HЦy1z\0+k)}=:WuVbI{Bѿ\nᶒl83>sߌW	(@7~\'PG&ORѵ6vQEI<\'הuD\'}+u4\00H?60:{WE{.zv5Xcn8ȮX1 ن{O?s.I/G\nZ~!b=N\0g\0W?H>I5ʇyVLDghUy0cV<w:yo3~Ú|#)*׌56mjrsOX^gQL9Ȉ1ূOAZiu.GeCYηrN*<m.#`@ą9Z%;V&\r0?_ԗҵ+&ڑ0:~?wVEW\0Z	\'<uҹROcuumj>W>E+\\ԠӥE,drñHk4mónpj󤴹y$%snڟ5	/vpygLjrtՋvkyAsU$ѼO0gl\'!V`	<fw#<r\0Qz[yfBG˞J)Ft{XY#e\'\0ޫԦ)EevYV}{UOACӷc*O[rjڳeP\'1Y\"Iћaޭ->2UF\0؞7tQ( n<z\nu[g8\0(?~uev.-7T$~WZu0CcswKc<]ctaQ؃RtOٰdA,CE5&Ee#[׋o6&.O|;	o-;@y1+\\˹7<zG$pN]EZIWUZHlͼP>Dk߅Q($_2(CՑ~B\\ݜr|梢N?QEcxg\'\0m_5\0%al\'WҾ+~?s#`$~uCfpFmdG\0ZcOcBsin.{}]C((\0oNX&rK8u}3Q[^	po\"[.]\nsO\\`h|/	\'#lvڴݛd66\0?ֹuݦWi{-8`~Rw`3zdw0[\r<3U+{mdD>[d7z²d̸{Vy<MB/v8};ov$\0>Eip$1\r\0TfwI1Mce9m\ZŝO5PЬ6s޶浒7rg}@c2H%:;{x̻]7=8Ϩ+h\\V,Gxf{ѢY	\"1:KyHEԟ)\'_	y62[߇:vֹ\ZkxݘvzW{㩣xX)~km+p !£nR7[\'+*4	ܷˎU|%I:g\"e1=#NP1%gfɚysfɮ֑Ͽ́d\ran>*\\qsTo;0=;W{D|;nKȱ/gǷUZd=C}~4nHT _]ts-bF~_crX7Sn(Ps]Oĩ4FNSo˕ё&.8Ӈ=Ε.^l!8~[Ni$#ǎEh\\ƛ.s(X3wUZd)1ds9D\0_1\\*	.}k鏄w- 9su6:֊(Nſ&\0E|w?x𖳎a\0@5d-6A\0_;3+vȫ o5XtulG<6;OZ<9iqwi$%cEOj߈!o5u9a\"<\0}ZRDƓK)\Z{,)ПÅ&umndO\0\\x[ڕ2G,Pi\'~n_UtutmC̟y	c{T!mY\ro\0h\Z\ZC}eqo6DD/1~}=*ΙbkHm凯8^7q\ZEu={pY[Ѿr;6,Ԯ\"3ٸ{PҺgĐIs4Y<lk)C\\̭Ajքl]\'Uf{btKŎpr֒,$u9|	|yR}pmz\\;@soJm|c(\\&=7IB[Ču?V=T]ԋVgM}jdr\0ɪV$.rrO~\0J7YHl2+Y㧿ֺS´\\v@v9̉8VL:mRW%U0UEdդz)@Ic*Z*Av?\'5pf=v|C603\0ԔbmBKw	Yzgk6wc>߇WkݑvRF\'ιd)pj/0_]-\\a~u\'*\'^TA\Z$Rw>vE*Lv\\],U>hf(Bwe0$e/1ng?aI 6yz¹dAI}9o+= \0?|W\ZHcCtkd\Z>I;ѡQEdxz\0_9JK[xXԬ2\\q_IO#N ,a>]<+yk;iҥBdsĭnJ3_mM,宯$Οڅpx+p\'~>s0n_;׉]׳r6P/(R=9ZV3aܸI[RAiiJw;zԑhxa*	iϏ\"maͳ_e-YؼnvBK.~Vh%\rʽ>pka-o\0SNÂG}Jw\'B)7~{\n|,	-W!wǹV6}{&X-$Vn\\LNm4e,)-v՛]zxJ]F<ae޾++Vqs뷠uJffdv?\nE\'b;o\'uOp>43DΎC,v뚑0^I5%g!\"%Od:i\\jw9-5Y{rԥ.9Aۜ?.t[2C?П=JɾS]Aj\\4*3Գmmym,{pn	){PAnO_Pb\0(\r!Fs۸tLղg)ٸgޱCO\\U3{$w(͒@>)J7A!A#) +WL9L\\ڸY.\0Q$8l+bXk+hlKނ*6%]H*۷6xqU.ninI}Fj*+|j|]Jr	RfR4sUO.`9X \nla\'s)l${52&Ӓ5sJ{bwPw4ųt>LjyKdw4ppg	e@ܤ@+?Ktl\0I\\蘆;(:_+]eoݵ|QvX;pvkog%zHh<~xUp1tw6vcgqIfO66?QhĐDAӱ[C{γB\"3z6mm#qpzSzwN#\0Hdb1Աg,jA:ֲnWIFeyAQy$2d\\樑rJ;M#p>ꎧ_,W˵dY2JnLKn֐#rP	\nrǢ!b\0,q̆\nGY&`@yk!/q\0Bƍ9ϦCfǚO늛⾿\0_Ӭ/Y~NG˹8/KL|$[v}N	[~\rVo2`$r\0[ԵsWeBQe@QZCY!f	FʶƙGQguV/Pڂ6Y#A9GʿϯCܺ0rWppy+XdYKtxRBwkbFk4zF\r?9@>\0\nMͭ&8 eHq\"+w)ʈ㞤3]BݏJDq9zgP~lhS0˒*uBH\' 4$;պDPA=}+\\z\0UUvO͡N*,7j5	]0`|?׵s(h|^Cgi#Ou6=zMx㬭>cΠtf`}\'~FU鉏?vm(N\0~<߆C|l3iEVf/QdnHVھZo/#x-HR?O}KӏkO\0E|wF,n>^s\nrI_ZDSx߀W߾\\[^q:`Ѳ\0ήCl\\/$%v+}ߗIT4ZŰE̘T?O(rrz}^-m,`)$%ʬYFܳ)QO\0][9l\Z٘lf.\\ufFH[@\rӊΒᢹ=(ge[Eul48o(7孼x*4ǸP6v!A7ƀ\0Uk bdt@)iwXѼXAsDC\0\\񽎙`^4+g}\rx<sG \rwj;A	&%zP[BZ(ܖ6(Ϲ*I}F*k#QѾ*|Hm[8+b.ir}a;+<>m[FP0o,$wKU&?U\Z֕j;I\'~\\cos2aӱ_)mu#~J:hTd|Z\0?JшS\r-l\"n5xxZ^y_)A#+cuRki}ᘭpLٞuyԌԣ.J6gBUDeE;:V0~߆Oj4GM=`ܕo_X, o4H$w_,c֟M!t]A9*S5b]B#er\Z9\nTm#>c땬2iJ5@HSǙҩ!TfyfHJx\0?\\i!\n<у\0]^t,&G٘M}#%zlhTyesZKkJ^(Γ$\0m_0X0ɟ,\rq[c\0\"F\0`.C\"F)\0%xfR2u[?d_,Hҥ?xUp1Qz]O.bLx;UN=\r?Mܷ6Z<#/%##b@z.YdSƽ3&XO\ry^GP̫b(Ҡw\r\Za\n++\"{nez{fE{kJezϢx~HIo<E<%Fv\0{Ϛ{gLNCFPRVhܚNI綻HyJ|b9\0O|1Bi~S\'Z_3/$1\r\nýA72>c4˺vc 鸣 繬m\rh\\L&\n̪bd}hi-eX9U]\\[VxZ	2,\0\\r*Qg-M{iqgu哏nj[efwCi*JHh8:UyYd}؊I_.zw+],巋䎿ҹ#lČSHȍJ$z4hj,lsr+׼iB칶Y-$cZlAERڙ%|\0~eɧpQ$t{٬ᄐI$R8`jBݧn$#v?I\"d_j1&яw4%	=R%Q2mPx^+\0YIu?EjErJsEJZڠu#W-grX7׵[5uk[a(p1Z7\ZҮ>e>\'αNQGn_ui9#\Zo܇_jԚX%A#r?ֽ#QJeP*\\Q8-3\\:\\ZYӒ=6[D[Ms.f	@Np2O\r4NH\0^/qtQ\0Ȇ0݃u\0?\nណ&?фH)3ǫF4+ʜ];J(c1<bq--\Zu+;=\r	a-ChqOM2\0&,ӯ-!@BVqUAEc5y#[;-FV镴֎0F\'y8֙\nEX[nr,@VPb]BtsUu{,}3[bP>7sN\0%|GyhMnypןs(GhKOKmcF.?zK{wV];}~Ij~gC#jl+f+ڇ1nf*em\\H	<\r9]\0v7;$칭ܮmÀ<Y5\\1@jȨX9 C-$~x\ZY\":t\Zx<@?VM8e}1R!2yFOSrɣ+FzOոR_ޚx8u1\\Fw..D !kfG(BȻ?E,)<`mqHˆ\n\0JycV^>HD$.ʭ1KQam]I$5̰@WjNN~b5ě\"$g4&>|2zPw\'*EgSy>qWtߵB.rBp~)ؙF6ʡ@,A\'V(Uu[ɢ_B\Z~gaFHEd?^=Q}ԹF&nuׯl4\'isz.`\'4J0F[:N-ՍԂn>Q5Vu]]l}V\n85$竵뚏!mC%zϦZ@O/,q5:xQgRL\r0aONqVQSKKd$m{{zӺJ^^~B-dOOrVx2mF-\nfrkxcXB	\0}V5Q}Wj*srgGES,>\0ej[&9a/-}]\rieZpGmU\00\'\0jGf_|Euc0w~kKܪ/*Aʶ2WZ$n 6̇8Xȱ (0Ly	G8*#!kPp1JeF1؊)^g]vQ[mn#`ghRy*d\0b (j935I[CSwdnj\0,NzO5^bIsv	ip:cZXTR\05YclzqUq6zd{Wb`\0aXf?9\0/Z6^=r!58vpەpҡUГ;zs\0׫WG|NN=HS5಑2({ؔE\0cOim\rQ,c$SѠ\rPEEusV!)\rvPs>I\nq\Z1[)BұsjDraHݳ#=*Ο5*9L,(bT7d41\"Uդn=)#O6	˞qTpns\nSj)hzG9`\'s,+6QN	QAǩǥ\\ޗksoEm?2ٻBcV*H 77-\0UY	M|Yi,)59TbWi\'Px-rkf*\0zWy=*w8n/V߀*9oNlS+um@pk/Sy%JyyeH$,8,xLa\0^4Pj',6,1),(7,'CALL OF DUTY ADVANCED WARFARE',6,25,225,'\0JFIF\0\0\0\0\0\0\0C\0		\n\r\Z\Z $.\' \",#(7),01444\'9=82<.342\0C			\r\r2!!22222222222222222222222222222222222222222222222222\0,\0\"\0\0\0\0\0\0\0\0\0\0\0\0	\n\0\0\0\0}\0!1AQa\"q2#BR$3br	\n\Z%&\'()*456789:CDEFGHIJSTUVWXYZcdefghijstuvwxyz\0\0\0\0\0\0\0\0	\n\0\0\0w\0!1AQaq\"2B	#3Rbr\n$4%\Z&\'()*56789:CDEFGHIJSTUVWXYZcdefghijstuvwxyz\0\0\0?\0+O\0\Z\0\0]wfc?>KKgU\0Q\0t;\0>:\03\0>YǥQ^k\0ÿ\0ߨ\0?uw|u_\0G^3}>KJ_U\0Q\0t<;\0>:\03\0>Yǥ^k\0ÿ\0ߨ\0?vxw|5_\0Gf3}>KJgU\0Q\0t_Oj?.gp}fEy\0.:\0zc\0߸\0_ٸ}nF+χ\0ˎ\0~\0R\0i\0ϷGK\\rtSF=,]/b7󣺢CH?\0|\'\0OO*Ա*h(8|GKK_Xo^\0Rd\0i?;\n+\0ϥU\',]3}/\0a\0h;>\0>w\0T\0\0u\0O	\0?Q\\o,}3|\0\0c<\0a\0쨮3N\0>TRat|G&\nSK:bhlF>鼵ǯ<}jǚ^gJnGu>\Z\nmuOIY2];$o:\\k{9[(~6pH*(0t2`r$om>|BY5i#\nw=M|~RnuW[sԫI:{kdxNM5Q!<nR,qڢ4&/y) ǯxfYյabH!P]\0_WFV2Mwab\"\Z\0/\0PT˟t\09B}vO\0KV޼ڔb)%t.(\Zxfo]njO\0\0+E7mjq3\\3\\\0jxv\0zרӣM=).Rqs5Ķ<?qTT`ֆ\Z̖PnTǁ[A}jw4\'Ȉ\0v~\0wUEזHw>vz:TJ_^y_Q\'\'^~qްg]OZ鵡&a@jty\'AVTV2t:\n*W<2t}iҟX=v&E.(.&5_\ZCE:(C2HNNAŪi3uV\n*Wᯆ\\!\0J>xgw\0֥_:kE^9?d:=ʹhu@󷐜p3ZΛ|9Ho.O;{?korx\0I?\rH\0oj3(單f%G뚜ڶ%]\0<@kfiBLrH{u5g^\0Au(i\0aG+켗C澧T֗&9QJPdZ[_]2z+4)CtZZˈR\\?	+V.OLFNA	f?;3\0\0tᯃ\0*WYh\\]7\0Juӗ4 \0՛<r[t;\rF6m̰T[_<뚇7׫\nHpr\\)[\"l;\\\0jNy[\'yBd\0#׈M{9ʳK0{qJ7,aTŋ51/SL=E?ҥ<8?\08gYu?2Ow8jtZ|,:K7χXe>M\0֪|A},y:ՄRo\0xv,o7JU7v1U|VO=>Y.!<*W<sIOP<%g\0y1C})/|?	\0qN\0WAݷ|Ǟ+?zf_/i?\n9<%@IS4̾.G:E\03H\03H<\0tף\0\0MzH?\0QCk~_yW!v\0֢3OWn[8=jaYȾ:u|DZ.9Vc0f#R؏ܭ.+zѴ-CROڥWɖ??񽝾Hi¾>!\0mjt_j^ix2EOxD6B>eC^[Z쯧ȸ\0nk\0<uq;I,B0W#c64G,NGZy$܂7}FH\r}j@Ki\0y	,Ѥ\0\'&a>X^i8Rns,7).FƑG\0GmK\0#\07i\0c^7Qܕ#F+?:_{M©oK\"I#9f*\n	&?5+>Roa7$W_O7a-fĩu,v]Qrzzޗm:P!)B#4Do\r@\"G89\\eo\Zn:e\"Z+qlw(a\0V<_v?\Z\0\0RgI[X_mRq:e cs\0Ċ</\0${ǟ\0GV\0?*U-aA\'̰jHD?\nuj:m\"y]3Gg\ZxS-=q\r\0;k*\">/${\ncw-ᦳ.l#Xg]pчzⶎ~\Z\\:G|~U뿳2x2?O83м\'Kc_Sm)o\"yŽ{o,tK+t/9ނN?1_LxCC_\rGK\0Q&;ys\0}_0|)ğHmH<}7lh\"QzTsj`fQGPm^Sr>T6b-ðsV!VBe/ɩ[Wf[)A!mwnCMzWuk\r#+txibv2~C׉n_u,G{{#[S7\\*&uţ( 㱎$S\0^4^M/Aʹ4/#H8ʖ?~\\#kJjSp_q=}M`4j\Z(H\rkC4QԘZjm0toZ|mf<I팜UTsSi>l1,7YTcңѼ?1xza0_17X)JQvW~]wOw7ڗ50~wmw|δ~3k1úQ41bUJH>M-j`^kᔐ2}f֖0ŧd`#^NIX.wJKty^96<]_eeGPj?\n;/xFRVW){R[ֺѬܴ\"Y	\Z%d֥߯|hdXus#gjO٫o|W}CYT@\rE^@\'O+irj̍#G_YCR\0ɗsH\rk,](9%/i;&m\'pKR}~bx\r~(Vk}FME#\00ݥiKm 1C+xy,g*\"^H*>B׸r3qj8ion,\\́ׯj\0 \ZՋed5z<Zѭmcle݋r:7m5	FqDqdr3>_\"[$\Zy.@&6^\0] \0ѫKCdlgp^e?ww͞қ(Icч9)_pR?F1JDFG\"\r\0tGK) Tʸy8lXs]lQ0H0T{\nM=LZ9(u\0Ti?]QT!jښ˷1W\r!E_ +6&MF̃4,RLg7u	+Ak;R6#`~U|Ciy7BeGCz+s<%6h< ެft?*\nOfsYe8]?uiH92Qn\Z3LQy;YIxQh6w$y ?+zZgF`hbMsh:IqY]T2\0N\0q,G梣m\0coĚg}>8}F}VkMӓO1q#ֹ\r:-\"kCJ(c3ӒJ7Ms.VO	WYk\"$Z<-\Z_I+\'÷g}6J/.iZhO\',SoOǶ%u|## ,c`>\0s]B\\MQ/y(.9<0\Z{;@[jx<tYS-Y_*fw\n?xgz(e \"mۍS\\vgm\0]/p}=sVTZ̏\0o$nd8b^|=Y|VREӤYB\r+ZcMҵ[sMVWEIҺjW@7NL<-@r>VuD4nf\'ațmVKC6_RR \0TJzd\0@QE00kV!РhSl+Fſt+7<%i\npVPKIJ(i\"d֓;GҪzޟ5)W׫@;\0|Q5#X\Zw{U,\0,oF[r!9ctP製xֺdwo2LoF\rzλ\\H$t$G!۷^9\\Ɲ33坦ql\\X$]ؒ#lBXRF7?Lךo\0m,.}9q\ZM?&\0^6:|z4Y]G*?Q\0|ҝУ`\ZuGycqUm\0	A--s.o\'95Tk?ŪKCn:68ty7\\ugC߆tfnUf@B01Y[fgF.z\'$HLH+\r]Ur{N-B5 A=Xi퉅D>CʰdSDȁc_qj[[7<_*H~\Zū* gҾ.9\rє\0cAk=)8un8+<#\n.p\"\\d~VRb1E3 \0TjNꚍ\0̢(oUq[DO޵nϘv3ֺ4[7R\nqSYd)E0*}>[ɣ%/$6QMHw`,I_6oja;&l\0(ރex]_\\>%Ռu;w44RjWO}=0_7[Ǫ4B}x]Er+b͔{8\0.Os}je;TJ0u\0_隡wblrǡ?zKKXwo2˰;C<+տ.557I]#Fkv*<m\0qIG񆗧wOeXbEfDkgـ޸X&L]n7rta+sF?ʱ=bU^iU87be5cP)ӿϕ~7iە+jb_ݤHR1X>֨#Xskpڵm]#l[ks\0M$Ҩ[wbiX\\\0z`ڍi0k	Mu>\ZYùa\Zl8x_Qxk6q\0x=p+޼=YcDI2xwm29bNO\\<\'isYKko\\vOd~DB_ʌQs1*9\Zɿ\0eEْ&9ζQ1ʬ,IG_i%Em+ys]]+*Fj868Z)C8:\'ÝMѶt?\r\0;xCFkꏋ\'<KxM>A˓aG$_Hu43GO\ri9.V\0嶕k)o[B\'OY?3uzku)@$ǥv^֡hdr2qN-+M]}@]ex$Cãd|gyrI#}/\0l|KAWGnǵ|2IRDbr80\Zc5j^U1@V5\0t.e9O+bƥ`f5nGS?\"X$\rrjЮ\rZ1v%?4o~Ng\"QiAg[(\npJ3\Zm\'!0+S¶rM\"mR$1;8>I\";U*{MEԵ_bUŴdYK8SیUǆS-\\ڷ:=OGq^@io2J\Z9\\RjVoTH$z潇guf_>Q7edbz`@ZJ\0*9\0\ZSSEP#(zu=OTHCDyCTwJz30bg0-qmtpYOBRFߺEҧ2rQX^ 7tweX-]L\\SWٺ|e\0,q󯋢jndIT!ެ1ZC\Z;xPo0XYYc\"M;UgD2if+IsҪFۼV(0?6}ˏ]ҧ(%Tdz%іdCCqnF\ny\\L&֟C4w!\'fR~BoqڶK.]J_x嶾[	K<FQ$V.	F9K~q\\@BF׆/;h\"1/C+4TK]ڙD\0x9Y[p̙wR}CQe8ČO\0_kK^W6׺Tm%FxYz??M#I\nMMZ_*7`0SA%_Cob?{{G׌+42\\͎]y?gu\"@0hVUKA<WY^V8D#YK&k\'DiDχ[S\0%G<rqau\0Dps?O|ogԴ+Nufɺ-CzUY[Q:v,gTg(B6\0d#|u﩯@&6[mznmDRƭFO9\"rmK\'(S>_N?JY˯r<6i&r؅ަ;=_9hhb\'0Kp`{@;G7OO]QLFљad	q;TwVbmj4g\\\\JIuCb\0l\Z\\ߏ|yWFz/MKS,hMo7}0+x!IṟqE$\ZBHs}Fȏ~@;\n4d:n(;y\0x\r.gf?9;q\05It\Z\0n>fcOκWM[Rłڼ~kMݹUаrau	E|wߩ:PՃ+zU}EabCߕ*wԛ:\0\"pZ2f.5_&#\\sYg<@m>@[n8JČncT,r٠zN^܉,%گfY<+HH_nY~	&XD͵,2M42aXdGoxz\ZF)|͌v8+_9HYZ-oһhV<P]ElΫ#nTayC;AǿY\'6k1$s*\'.	aV4hMrsswD#\ZG+}B6?ڪ:wͺo/y^(=?cVjZb(1w$P}WqVB\"0QJ>tKOGl&2Ǹ8/|yXA,9ZV*EK$׊.yߜ˻x9B=B.;!Enwj\0v)u\\*~b82Wo$٫F()E?j\n)[~=>RޕjqS:{\0:┵8tbzw$LzWNzaݟ)YG@7m<nu[>[K)m_NAIV&]YFc/ܔ|!J5ytfgzQj?ω3Dh]\0eo>$PWt`>R0F3Yj:M:芼oDfyS	qVYF#sTV 9 Ok0q\0\"8\n0N}(Avpi=:Dwz՜q᱁LeQ\'ѢHDQy\r~T@;;*9\0Z2M:Cm$p$jчLK_aQ.\"߽D̲[[B/}E/<?`\Z$ҿ\0UPG˂AjvF;vz\nJI4J[3\'ʳe;Ėiͼ\\X\\ncq,?J(KE:\0*-S^yl>7?zF译\05b,y}6޿}4_0i~k}oO8`8E 2}wïaDG9e)=R+p5f-Zp\\դFx\Z,Sjzjd\04eSů,q&\ZĹ2\nyl\\-$T|ܓջmOm G#(6\"Ѿk^)f4ͅ@;ŚtguW\0lOqU˭V1GqZo	\nҺSQVfrEV\Z7qp\rȅr\ZHUÀϧ5>La\n5[2A8\0WbIldFWwb\0r_[ujο6GZ\n#%N=z\Z\0?,֝_3	8T\\ϖx5V	,Į-MbvzfFA)+	)4֚X$]@=zWwV[P+8lm8ekF\0cS.#GR˷dw:լ-tˋ$pGW,Hti;s+ufV;\'\0+$,\'Lȧ]\0\0AwulZBu߰#\n߇G\nʘ*}*/ @4ʤpajgeͰ8SU:\\s(+Ζ&|AZ+0Ol?zNčW4֢6*JwQR\0=im&jٶARFmv`7nSF<o=%ۻ#޴\0TՌys+cH;2+H)QIEX]ԓY|azQнU6W\rz=VOP728U8scoi0:JVgD.ق͌#?qWq|^3]pPw2m23*csy,\"!#dy#N.jdH9\0{T\Zu\0\Zmt%fWN1\'h/m-5-\rFʽGn?޹9o-VS]v}ߥi=.j𳴒eqr>nB\Z0Y\\$.ؙw[}+Bۙ<iyjTY.zkXKw>tuEPqVd\r6ܱ\'>|)dv*@?c\n4I\"28qӡG)An[T#ɹSc	օm&a\\2C47pw5AivzOK\r1jPX<<7F޾TzGfeEMݰZCymrISDn)SMk\rtlq1R.VLqғeތ^!\rMpDsвk<rz<i>>l׌=\Ztvl/|7ZMG.Nɻr^F[۱WC:@@`G+\n8ZdCSP7m4Mk\nvꘄn9R;ІQ+@8tSjQV@:\Z4C4˷3GR|86Bֹȗt]2ecN;VmV<sI6x|zhz׸]Y_|Vך_BY]ڻiTVhdi؊Rx \0J[R%UBxt\Z}40.lEϷZyC&B˰H^	4{M[)#m]y$\rt4-yh#qýSGK`<[=*y?Ə_8k]\Z\"oo}-՛wxy5j>.#﬿.OUKK2&2:|<t蕟cs^}\r*>^l<{CSqZ,J+<H@Sw}N`z$Ҥh2庑g 8hE8V>BZi؛{mg}b\\NR^ZIeU|ٲ4iqqxghF?J(!y\"Q\'\0rY˴\0E#ՉWe%,߻&8}	+誉}{edsNO<1=.3hӯd9Şf(de>l.[n^zOv.[O0 Rwqմbe,Q훶0a6kNE|\0:vxSJ$iK+D\\G`Wo@o4W[^RydPlTgv)\0**^P3#>S6@A+0t*e[goxPi7sHk+U%b<ג\'d{8|\"IEGbۤ޺0y`]@uOY_Ln$T)z\rxöލrk7mXUE6[(EOǙ\0#g_lWXe|*I?\\z]L=NS\\ƬPJak4`5mȉ.2sWԮK~v/5k>\"X3<%ێj.m*PmGֳݻ\Z4IyXƬn9VE/hL9^Um^),B1s4JS8b¬XMFOܬ\",jƃ&i@r1QLHN[h\\xcbׅl呝7ǻG]C\0E @Q[w7\\^};n0k*Ge$t<\0 E>/\n0骲7Wc\0aysH]Vỽ2&´,2O+]6JѺF WD%}[&V{X૗P?W4t\ZDҍ \rOӿ|{SdYyjW}(ҷ]yFhJwY-eص-ŭf>ը[eQ^ج5.+RAsV&羬~)Azc?1\'\0Tj95KCUgִ,GC\"niS]cZ85Snl\"h;tZDϕ\\ÍvԷZ(^BOo65s:Z񊻲tx]X\rl/gv{-+vֺDNϙrO o\'V\'])զ-+b%T\'oH$u՟x%|7K-l7<2s[BpM_W$tEo<\\\\[ asmVΆ`_{V 1$	8Abc礔Nxɱ[H¬F\"L?X՞e\\%;Ga+;ƭjn<F\n\\TWDa#5gVp\0@DhNBZ~sKT=;W	\\7K\nYzå٬*w9/wCvF,jYsTBbF9\"| ZɐJTR~~_z$Êd\rUUx5e$_\"_(sJC`J,|Cl:<@Wܲ}HOQ^k&@<zu-_{{է#)zM>KK4t_+2&7ʤcRⲎd\"o/d>\'cpTT)c#[i~V>0N$9	/&1?*ouV\'@Fޅm&gnO{7\Z@¹3b[]C(70H7\n?\Zӎ{\n机=sQiL{n*?hϧ$ ޼a!4UPy\0\n̗G?Vda`d؇ƕ*aqϯ\0\\ם	r7ti\ZxKII]E#nbI;N^;3w`\\M$qJn_볘MF$®dc9#ڪk_Av7(+?$ţXaTr{D<qoxq\0\0R4x?.j\0\'\0])$KwaxjitA*e-<YTmSOw@+\n\Z˥]U	ͻt9sZ^=Ov\\$g5砷l\0*Sj%h+IS7dTEgOm*]S?\\VG%=ǥxXQX}yt1>\"\'35QެVGgI}fܮr:ڦZ\\02$ds~u޼a<)9_ۄMkx_SlKs:ڴQӏ)\\_Nv;n3҃\r$]k-ČȬC02G?JBI<%DK+LJIcA4OSC\Zbo&G|=6ԭ:Ig|\Zg&.WK>\"ll5]<!x:xg^\0>n?aλ6\\\rs\\xJ( .\\Ğ쫶O\r:6_&<7B%O!\0iƄԗ.]No1=5\'=>_(ghT}3ڼxGbR\0k9\'?\r<xO;vkݞ4ف\0ig=Bow=1ovu=տSr^6xHљ[w;Y0><Wo⯊mH(4vW<Rk=Ii23%2d݃z9=)ƚ.zxZj%w6B?}l+F6י\0\n4CJ0:Dpj,RDEр\r +2SՕokMl\0eM$n1R\\talsU<\Z\0xl|-g;64R<5j6F5ZFnT#q#rL&3󣍶?PoEGW<M.h,U3*9}b/:<6\0|wjv`yf\02&\0\0}ET(\0(\0(\0(\0(\0(\0(\0(\0(\0(\0(\0(\0(\0(\0',40,4),(8,'CIVILIZATION V',5,8,60,'\0JFIF\0\0\0\0\0\0\0C\0		\n\r\Z\Z $.\' \",#(7),01444\'9=82<.342\0C			\r\r2!!22222222222222222222222222222222222222222222222222\0,\0\"\0\0\0\0\0\0\0\0\0\0\0\0	\n\0\0\0\0}\0!1AQa\"q2#BR$3br	\n\Z%&\'()*456789:CDEFGHIJSTUVWXYZcdefghijstuvwxyz\0\0\0\0\0\0\0\0	\n\0\0\0w\0!1AQaq\"2B	#3Rbr\n$4%\Z&\'()*56789:CDEFGHIJSTUVWXYZcdefghijstuvwxyz\0\0\0?\0(<VݥiZ楥VOHYFu}kKRiF$)e8`Gl?kά|Mwgbn+ipBs1A$~/_GYҬu\rt/tFh<\'Mޚwzvj\\6#֠־\'Zh\\m`[v*cU/Pw\rI|){bu3|nӦgj\ZtM}]hг,Ldۻi>sǓҀ7^Z67Z#FѢ2nfrOzĺd\0YWk?=+,<^^Y>,mѼ\Z\r#rGZK\ZXU؀=Q@Q@Q@Q@Q@Q@Q@Q@Q@Q@Q@>&J𦱨m,f=#raC\0-4\0\0~8\0\0M_)1ԗ㟌\0o;\0筇ulmzO/\0[\0>8x̂|\0כadzH3\0-,?\0G.\0l?\0^t}9c۷\0^>7xz7\0^X}\0ÕƟ\0ZO,=e\0y|Gblk)Kj(_[+?\0קſ\0z<hkV}Pc◉^ПO#\0V_\0^(G#weZ}Tď?yjs\0Lj/L|\0\0-gHwGlV+;2E\';SY<MN*Ql\0\0^_\ZG\0uc>W4;\0W֬&vWcY<a7WgSs\0uJԾY4&O-뚋1\0ol[j\09NuBdծR\\w\\S/\\ScLfc*vdz\"ѿz~UzC,\n&VΞse\03[ћrfsj(# xw_)s_ixg>#\0M_*i1Vm嵉#KdK5<+M\r#JʹQ)ȧ\n|)hQs?ܺ}Ǩ@viuou!HcޑdR{`>q#+AwNCZּ]4@e|)DFNrGivfQ۷\0>}FAn)F\"kaeaʒM+ǓD}qso}4(=n`2H5$hJC`dWC#\\ח¤/&LV\"еKIZV@^\nWj6އowd-ʽ88\'ڼf&Te4fए\"?ZlZm7s[yO#IE>nBn0H<e\rz?t:u{(-ɑw!y0q늧:ofc1\\m^|S:Y-I<y@pCnS\\j˱XEIlM6~>gWrwɴW?vq+wcc?w:VowȠ0{qRI)/l@\"ORKf9O5&i-r.\0YW\'9$NL)=Ȅu7J\0UҹNv)\"l=i\n\nTcJ)r)d\nǩ[K`\n$e*`n魺#fOJ贡6/5X(10j3O\\\0覯Zb\0;@2(&!\0ej^)xh׊nď!{<}I0!kw+vdq`:`\'Rx\0M#e64r}/\riH׮\Zp8=V6~\'\'٨Khv#ՙ֗w^#<O<	Ie7~>ưkBJ~FMЮ?\"MKassV,	=J|AEu8n,MVh\0빿PmJ^3sRdY%Ydp\'q9CLh61,	}?#[#wmU,CvS˷Z]\"l|7iA$Q/ɞ+خWkӟZN*F{qף|/LѮ<=c=\\\n[V1n\0Ʝ<-ϣkV>TmPތߧ?P+UZzc|8O7,(сTe?1}ku6Xiㅗ..#?俌ZrW#8\0Ey`fivƠc5Fm\ZFYڤ_Dp**>lRZ\"vO,/\"?jx,4H\\QoQ\Zs#\Z5\\&e/F\'v\"ɡ\0Ǻn ʵ\">̦;3z5yo7!`lDdk_GPZd\r+uZ|Ij7Y[ұ{\\ߛa=לЅ#ݾ/,gc=Vn?U e+U%3Lg0g͜cRis0-.7QG,k\"Fr&;8?jZyK<8\"<}OTcf\r_yY\0=d7QUN4j+̅VC}E_XՓ_JgA88_.k}cs\"mdÃߎ-ܬJ;W5jR^\rA್%y.|Ok$ֆBu31U/WKCCGIc|c]}AffIH챏on6Ҷjg7}	h؃ƿ!?)Y9rчU#k(kz5`ߝaVJ;LLBnɧo~\0?Z׎ld@~iHt`?Q\\ygt2.ȻT@\"\0kw7Ꮿd|t\Z}<.(8GT˜TO\"kFÎhvAhėZf-wGɏҪ냷+2M$2G5\nr.	3ZV\'1ոUt\re.j,^g[ey$$Wx?\'ovE=FsN0Xu,G\'qK/й+W^\0ze\\jkYn\0K\0;]GٮmnaYv37+v>2Ix&N;@K֥\'\0sԊHً57M垵`\'e[a\0Տئ4Ċ!ڭdeY+ugG}Εx0FvUaGפkPEy,Uc\nFG~x.}kQj/m+P7S25]l~8yW)OȜS=k_P֬N[|?-۸9 .cR1^k=B}I]Y3<qC3Cld\r*9 UluWRS|]UI\0ۥGun 6Y!\\N\rd\0g+%ͧ@L}|m</*=_mG$^t%9\\}\"ؾVo0ݒ݀JY!amY\0JˏjWoc|]Ylلdn*|8d:j޴V&l0wYq,CᐗWh\0)kqHG+(軻0/jv׷\rѣ	r<Ys<_u\Z}2h`=ZF\ZrvV=>Yj~03PUy!SQηvfq\\JF2̣S	D7VPz0\0#\0f_g)\"{/#VŎ&_z6hao]٩ŏ -*k)w^!k@C#<`ڽ.T*#UID]\"_J\0_ϩ2o\'`FҶ9Iٜ\rL<tQ+oȟ{X\0\Z+s-gf\0m_4zW)٣é$r2InXmidn&ßl;Gaq`:\r>O,r`ϙ! H9`+#yK|\'6}q<q[e,Ctێ3c5kT3pb<|;t푪BB|1=|.)Lֲk=xk9)8\"}g\0MKk\0MJ.ewuZ>gݨl峼:ʯ$nA=YVam2K?G,mQ=kPi銧s,\'ۚ2whX\'v(6~\\VZvgi\r6BM<yaPiъy\0E8uۆ/8ޮEpob^.[/⼸K{xtтy,w8[/5XF 	A\"mlz?J&mrñQS3-ۂJF.I[feS*;\raGD#Y--:|xƦ4+2yAk0Qz^{B;c+X[ص{:Oqʢ$lgpWCOsJjSrx\0d׺NPsj#M9O\rkko?ʻH㑃4j>r(#nRS:XcU,6ӗX=\\|USB4Lh$sMgdU?\0½ĶO4OtBŽxOLUM<(>WʶFYA]#AL\0g\0\niӵ!N\0^rEdoVsfde|:-ot:>7Wk.㩬%3cn?ok\Z`u*{kגʌ+s<\0Oق7y2U騵h7>9M\0\ZG_FE[\0\rxÚqGVh-!!ħ!	VMiB)@>~5\n\r2Mnu<0ՈVaڬXPpTlšg*Yv{i	(܍A8SI\n\Z9 v\0!$<зdFYۢq&\'$/\'`FMhh\ru\'rCڥ;,+GKfm!){ҝ?}9{6xetŎNqE_א:Sg̞\"HB$wcWM~cDP	ҨI\'4#ltn*C{y*hiCfH3]ˣ2r,hGjS.\Z=ܛb\\$bd̽=jڊ\"d!#,A!L9=2-|RרCo+hf/Ϟs8o1:}ɉsV%q,6lcV\\ueY- glr5mq\087NԱc VUƟ<Wiul\Zf8YYgRj%֞yk|+$2Ʈn{@s_zۿ#Z``UjEfvMj1\'{Y}JH4dۜgWO\0\\W(-#cg>íy\\\'s:U\n\ZD5rOyL=MtR%7v\"k\"tObs[uV]¸~sژM5Mrۯ4`Y0Һ2\nuavDEK|j%%;]l=:<g,Bc \0ipJ|*/$|:qkc̥60ŒLY6Uԭd0dPgܐ8\0>#s>}1?{V<fvڹ]+k:Zݒ|5x$7<\nn-yєX=FCtjh\'*ڣK	gUrS?\ZS)ū\\~V+na@[Bd&s߯JVH/2tսY4~TM&\nA]<DL)HY%3+&<[ȌwM=jȜZbז^OTwc҇\r\\s[J1W >b?JUm$Qd?0uDҼEF~p3֠[(tGsssqΥIMlT`5v1MqY0\0If1=3^s&iZ)pqݺWƭH:@?zZjr(:ճd[MtEe	Dv\0+#Xg!	C8=xjs6-ܛձ~5\n6+|ȃm>eC<1lsx7wR:Qj[]sk(]=R4q/8;}y%XDl1u4\'6a{k|zQMi!)ԟOcJ&:X%v`=~U͉*$wcW\\ccE%MCͺ;\"a,2ql\'V&Қ9]l?j!NvC!	#xZ%aԫKm=W*a̙:cw5_B.V?:}3YVWkKdq=\0=ӧKRsSid.\0FA8ڹeOT=K`އ!+ֹ۫v7*d\'ۇޫ6\ZGw-6$(\n6H\\gєc(`gU\rufǽHo|t`bUV	^AQijE^\\iq5M!RqkGF4^Q2mWUwyAa+}=-Hwcq&jP#(ho7f)\'Я=;;u׈d%-mbe$2yr{Z4D:tṊ#-;#\'sһI\'v&[VP4@Ua};eܞ^p1ʫش\'&(}t.yq^	ݟY@\0\nwW.p]Gxܑɻ\0k-Ly	^FTuU&JOA&du\n\0*5Fkdw;ߓ\0c޶^+K6[yR@{WKg(9OwfY-.KdWHFLE?\04eܕ\n=:޵ȴooSG֪oTgUg	&5(ٞ$K}[#[FAj`GS\\9m\")G\0:=v,?{܇XX{o+rª]忆O-W˯»=CTH-W>I.&>{KXh(=ٕ=B\"2[_Kf&cy+ڔ!wuRO[uH\0礙~xhQ|sgՏb9<l8#{\Z#qy&y[nǡRү`Դ/-F^A{xlB>\'Mh13:g;Z@vkb7\"i<GbNMk!\0Myt\Z0H?kq:\0<Yo3Ila8S1U?Ś)sʎ&O0kZЏdm_T*GS5#d=&\r.t^0?ZzP}Ü`)+BK)L$^s5ش{U֏2|rkgBW5[bWc9k~ƗЌK\Z=UueM艝~fI\nsX68>g襉͒v2dVǿ#<V܄:bhqj]N<$ƋsEdfU@@#n}QLx5seS\Z*̂\0	?SM2+$7\"8pb?U.k@rF[Ձ{mhB#i\\!(\'Ԭ`o.RΫ*9k\'QgmF6ۘ5ujEڹ4ֆBi:bA+GPU.i5ٌA\00ⅻP#\\ֵǞ]vFWfGpа5WZ-a\'z֤mTu&y/&BnqZ|FPWv;(~ t&l:\0qul!S~?Z?zޘ`>g?z7)Lڃ#!Qu2|w}of$2Y6)7Npk2-PZy#<i\'vy5\\rZGQY#+:]Ws\"\\u-7\\+lU\nK_6Wy@6=\rJ<4\rrO\0l|O\"qʉ>b@!EEŕhLn=?>\0? #?G^\0ۼZ4PTsv\0U	dKuB7>Z\0ZR+g??_ҭ`;&\0\0z=\"Mv\0~\Z8+8L]bBHe3dkôN&A$JG={1\\YOa6Ge#~U]5.)omEn\\rqk;8yZ7Cu#o}ȋ%q}{hS\Z7k̃T~5qbYa;ʛfݑ\Z};+[%`B~Uiݳ)`pVD תiz{#ז,@OwpO׵jOdi\\ov*ܠry|:6jc#ZǙRU8\"q~#AevA\"\n<0\n՛AUи6\0)S³n#)uG2<R۷ jwqEz6/\n\\c6:aFkeڎ4K{6\'_i{US\\g.dd\';\'qj/ooo(mS!UΪFČ1(}8cF\0Rt,(үk?[%ĊD㏜}%By?6sέiӯ(;}5~4.5enJ[q:J<w̆(bT?ɮ%@$vI@.ά\\h-<]&LwP8X9Ԗ%WPx\0Z]fN:}ӁU5Z :?*\Z<S[%,0j)I5hD}C}93bc!Xѵ1LAڰG(;Zc+!QZtf)=.w0&S+TMu&=1wM<?#u\0Cfu5w1u[#>w=W)j\nM u3ðڭ?dpdERFYqnHdyMd5n&kM?rzn:Tud{fTDrIr>Z<sy2ls7pGЊ<]ui|]	wUG8O	&kJYY/Wox<V*n$ciD+_m3s,˅i	鐮sN5_\"W/ED72yVIʌyҹo}awC!V{\n@K)I	Bx{-|f_,}2?jTinmJ7ԱōDF\0B1y5?EM]?UXZchK>k8o3x9T7_+QӎXQṟl]43WL<K]RS6\"Nyc\'<=t\\X\'ͽoE^WX{CyI\"9T;TI|y<\0Rs\\\rͪw)bZ,h6	%\nxS,9^Ve!ݴuX篭yϭM-k+a\0pp1zvK/=a4e`cx7o3\nH͜5Pî~Y\ZÙDZ.[1̉#-t/)nP1ZMyai7HE\nz\'$fIk8*졀8ץvKcԱF[-Չw\0v=My׌/ٱ(@Tgm!d?\ZԼ3gkớ-B\\\rrI\0qӽa_	Q͚ӽ`}R\0TSx(~^)<	?3#c5T!9ecbw\\Lp\'C6[U7lV&ȷ#lďT\'Ү6coW>.H9iWZ|rNi-681,89*<zv`~UW6:ލ;yi$2U<yÚuXBY{My~\\A*RaK^?l⼫_Q*eB91zb&\'~I<c6Gp`ԭ7Є{d_fS1ҽޏo,PFc9>²-BD@HdHaaO\0VE\',}=XWI;멒R0Y\'E\rRXY+p?$GkIiaf\':-&9FۯQ[b1.ג>2bkVrC8H.\nYH8Ȁ2:`ޭt&8bӚQ+3\"ݧ2LnfOIl[?75z\\+Y\0Y봟a^{\\]LfvaVc\n(htTQEzg!kUs-5;MΖtpE?Q״xNj=&0yFÊ$oF|n#X8J4+pc{Π,)Eٷ޷-$;rV&9*#e1ܻ\'ۻzdZ[3>^l<n_jbB+:)9́T*p\0jt\"cIѢ,l.\nA	\'nMG6waX\\gˢ/hKoOl$D,%C\\Uk$JSoME`Wj.-\0`?t^GI y\"?6\\U֯ȊCPӴqYrpQ]`lm6B[ro\'kJMDpϭt:]ș\"EX+z7Mi%ͽ+|%H/|秱<O~S\Za\0>[bDƺ-F߼\rvˁ+xL,`9+quknobʝ$!sW|]:ƝOj⥿brܝx`}Ld$Y9>~*.[a|@v$aMjJ<qkʢ{ol7Ly?|1?w!&aڲx*{Eԥ1xW#V4]G2\0BƻI6*>UC\Zo`EI-񴑏]\'F_6)zpvKZ:@ώ\rg|C7xRU7[N-@!ͻ-qpك6SbC/w=k(E:ص7\Z̆IfArkGF?Ȏ0K\"d}+Ě̞).<D7JpsVǋky^g[q~|w<Í{=o,UkgPyFTƪkmԐ48)Oҹ3S\0\'!df?d\0k(nlqX\0ӻeK}\rZS[Sldxl0؞zt5\ZIB{81緊(rE%WI\'iw098?֐\\v͸ylnd$7ns/Ëw-6v*KJŢkc=N0\nKd/Í)剛?NUvTRQ]?T?ueO-ඉY\'5\'<	յ|\r9^3Y6c<KRE;{2m2{wd޸_W!G[vYXLGB\"buNP:x cρ^Qϣn/m<Uk)g==\0kުQnWq䱟[]7N{6tIc]q.<sURnl]ppy5[!JK -R:r=+R(mSɂ\r\0#6oLYJ5i2i	5Y-LvlQȻz9OMtf.>%Qm|=:v\\Ikr,e7/\'u|.tSZ(D~RG=mLӵ:4dS_Hٌ1nkt\rX[epF.NJӟQ;[Q#%(q륹rcc`Uto\\ߊBhDS\rT/|N4q>h۠W׌W;jwQ%A.1s:{%\"6!v8I=O\\I-:dONFFGQޙip+B>VГ\ZY[yfC;b˞r	6_X-n|=ٜnae{ojn֨<5̲4%21~|@ u4s-v-Aw,r\'n,ZߋmdI	cHUж\":<s޶\\ˡԳjũ)hF47}䎀9;>5~k׍?.\"gEJqt&<Y\0h[MDUc6j]UY<zm9ېqO>%uD-<\"o\nX5Ǹ\'=iI7gV\\h!:I:Oegb81+zSJOtTHyo8,ʨ68WJ]~+K]%`39p%GĞǭKjZjV-hxrJCyzͦXŚr-dV1I姜`p?1\04k#MH8\"73`:mx{uxᙗ)\'n:]OR\Zlm0b0:>r9|(hkw~5.S\n3*aq\rɌͻsإm:EtFt[d.ևfǑ LK\07(~$j	TOGyg9Sלt\0+소d0Hmݎ܎ƶ\rݲ;1T-N_SBsw`PRx<`qOsHu6u:/	*\n،qӦ+?0*YL*G_1,7_gI~\0moM9\0KOpQ]g\'56# ZJq\Z/<(`={oԿ5dv3=ٱtAbuά;ўv.N)vLc֣=\ZL$eG߀\rΤmgqpb^@ܳxwfv&֢יն=BNEPC\ZvɔN$O3q[˩.Znd8|.`H9\\3V\"7>tsםO1~wOnnKk)]TQ\'4b;)0rWG?4S<͊9?to_[Gcrs=y>ojgzOPT0>/t>+5Mmeզ>&Ҳ2Ec\ZByڡ_7]Dkmwz[[[Lh#!OUnlt{y%Ēb9U̬r)&u<U2+C\0#ctf+,Yy/ǧJ=,Kkt6awOs5U?D.eVMj6lc^SNs&c\0\0ꬋ9	$Vd,Ev	QZxfZm~+y9\0w0)bS1 w	إFT*-զAulB$(]Ǐ׶H\'R[*Z<+ňvrzʤ_R9Y.<MZ2_*ZL<]X,0x<}i5o2V+#5U͕\0qޙm(	+\0}*xfVxsdD,|t)\\:c4՘1ǰ9\nWr=F*KmBb(mLqX$3hZxHVtYdBG\0e[wHB3`oԪt*]X.C+vq4M}[G!;%\\5W 屵{V\ZYSa~_B߻`c0jR$(Xa=}JěBHD+R:|Uه$Ϗ_֟P!d\\8\rג6yקgr?x]/\"ZRnϊ\0hٕO$\ra0sOJ>FM\\ylu=s[LI25?+(Vu4s,$,o?ҢK*p\08emN_Y)9i>Ӊ\0d~Qj\0f0F3W?d>i-8\0]^<fت;\n(LlgB\050Q;[xKYxhgqz#\Zr}Vᔽ:zן$Ί2gUOK%Q\'_H#Rە{޹Msđ/mFTỈ\"^?3Pa\Z[Mv{tݘKktF֟<T~Sm^kXdD݃׷\r_[4\\[>q\09?/_NarȪۃf5cay\"x=J/k))$+%0AS`b|-ucm;G$pdw_,\\n95Z;dƭ6[kb,?ü&	৞	cWM$~&\0Ė}SQ)#G#=q3yI&.yp8KҢVXap0_[=:ƛz9>n01⏬rG-\'\'v9KeeTfY]?/QۓR;\Zt3۬qE%6\rǥvGXjh#DTiL۔W*}\0?Y#UIkӞw;䏙dO%eJAۇFn\0:\n@*:I\n185ee\\iI!mWo}/\")*kT9\'=9\0<\ncMWwu\ZPm9;n]tRg(1oeGL/+Me$d,>f#*)\0Ռ4{%2dZ3%V,@9J=FSdUaԟ\\:]7̠ +苆ϋ[kK70v#p*䥸%8z\0̚wo\'Ĺ[y XɫaNZش<׊8!ا\\,ւpWc0ޫ#dlЎ+TrP!GA7 \"0I9b:{DrI^}nǜ\"Sn2_P%ltsI_0$2IҮp\0Eea0󳞿랴=ڊ(/M?	\0!zg7(p|Ì\Zšc߻n1_0hm]!efJ͈zX֖%ƣȍc;GU47PkHS;\0wwS$<\Z{sYbv\\.\0_7%N4ij]Of.neе7-/A#(A\\+<o*`\"Akִi6zcU\nux\0a)\09!PROFrIJVڣ7si\0תS;$rL\r\";K~?\rxZdmy-Zys\06=4V+Xè%Νkn2(\n^q֖qݫkb\ZZ]xEFAm8w?ZK聙RU[Oʌu->Nkf}vwX``sȬ>9Cq^?nI\'_0pG]5ꖸlHg\r\'{e:N-J\r[FzP+ov~x.r1\0Rt ݼ1s3+ȁGR3p%F̩*yP؆8,vIqs\0 F	/\0Y}(6=z\0;(ig%tK*{u?Ziwim^,[SSb[n[Iw\0Xi:E-ӎߕK\\MCF	ZúFgeQO*،Ab۸<l3qB^_TS$o;HƔY݁)eU\r9JPcV\\-ŪJvx2g G!sjݭ.sֽúN,\rk\\j32~0=έ9\'ʍR[W>zRWp<e\0\"Eaavڃc0&\0\Zԑ\nq>+8KZCIɃ,@m$c\0ҟ\n~i\'篜;WH\"C<}O[Ռo49J$XM[Vꨢ02FTxcV,2c#an\0D)B]F >ǚo`v:jr;OVkȕWώJcz-&{ǃ\0?:md%%vat䵾`J\\c<ց.b2Odʼ8Эӕ6]ߙʭ>y3ZִB50ld ӥxL?oc~Jn.f^Fo5lubt~s{Һ%*꫃^~e\Z.~MMRl\"۔?k5o*t3檰P2sϽfdR9^Rj8ކ$?ӗ\rK%΋2I*w\0@kd(+Nا2!)q5si4,.w&8j3cX[lN?+ۯ~m,!GnېG])-$1=\rD蹫=Pu;ݻKacܨ#xcnxo.;O\\bAcluޤ:|j|f%ٷiw棶>ZzЪް+ U~3V#u$3#\r͓2x=kѭlZvcme/v3ʏLtٽL61\r?h0B\"k<ݻplz%Q\'z5cW4v[X?=\Z#}BYa	&·v{ҷ[:k7\"S>[ e/ްu)n􇿒G{LčP:sߊz\\5:!tQh6ml(L\Zm.cB\"H\0w?Z%ܞk\"T29\\|Ak\rو)fPCsv~S{ue(#cQ&2MQx\'cw.i>6v\0ڪIQyTRj`Z}gX(puO	WFP35BԧZup_TZiiZw~M[un,\r+y?y<QoY$ӡ\'bĽ[><cڅis--\\q&S<?/{\Z߽Tصf6Em<pkYSڲs&>gd}Hmi5DVe?SۯA־Y}.JA$`08?\n*r\'%zsue]Xy\']4CĜ֧qEVf\'uӮ=?յ|GD֬K;amaS}abW>\"#.OBjA/bbN3YT\\{[|<m,RUӊ݃Qܪyh\"r\Z3yj?8{;M&,jv~$̲ͷ\np=kXKRKs>$ȱ^陳OU\remĤr\r90>ϫʉA~S \0m$3Q*cRwEyt_D!p[V5ƌр{g5Vh?2%X#er:Hn)L\\?vJj}ҽxcY	G~N3is]Pٓf~ۚUklD1o\"T`U\\H,*7\n­\Z\0^:R>X)SS+\'&*P)7j4;Ǵ\0MVp(m\0eN<tKo)\0\ZogWȞM)\'v:T.r)~@̀3ׯ\\Bwqea$?[v6smZ^U2	pM<wV0 dא1RhmHV<{}*u8H-SRME<eO?;s}\r!*z]x~ҳ<dhB7,\0t,:+<>P uyA%nv3Ťl#e;Q+ؕr\\ԙWoz⼅仪6y\00֩31zϥu&ccOR.-aQRn~Jg9j-Iu-No-e`e@79#+=v\r@qIؚI#eYN0Gt_H$*4@_O%9e}g\0NE',22,1),(9,'NBA 2K15',8,15,117,'\0JFIF\0\0\0\0\0\0\0C\0		\n\r\Z\Z $.\' \",#(7),01444\'9=82<.342\0C			\r\r2!!22222222222222222222222222222222222222222222222222\0,\0\"\0\0\0\0\0\0\0\0\0\0\0\0	\n\0\0\0\0}\0!1AQa\"q2#BR$3br	\n\Z%&\'()*456789:CDEFGHIJSTUVWXYZcdefghijstuvwxyz\0\0\0\0\0\0\0\0	\n\0\0\0w\0!1AQaq\"2B	#3Rbr\n$4%\Z&\'()*56789:CDEFGHIJSTUVWXYZcdefghijstuvwxyz\0\0\0?\06\0!\0J#%]qaLз%e;\now\0:__\Zdo- p\n\05^+ӼQgIn}sĿI]ZY,o-.>)f@+!sGռ}IfFm]Ygn?5Q_[mlLErq<44QE\0QE\0QE\0QE\0QE\0QE\0QE\0QE\0k^\ZռI4iVf\0ΪzrzV}ݬ7sZ]D\\B9#q5x/:ӢS(e$dg+_p8dmѳO<^d8!BW1\nuυ4$Kh,Z1Vi8zxCFխ<]kWGEhb!~F3m881j<}bTд\':{0XrbN88\Z\"fS챉\'EjNFs׌uGqVkpnRn WYjf&|_\Z[\r}2~lp*׉mn5	$d\'rNͽ>VS>\04x{V2Xn<Ʌ6}8\0=\0**[^(-3 (*=Q}	8\0=\0**\0\n(8/4	>G_|/*7F\\T~I\0YJvv:alO֝1\0YhXZA#V+2faڶ<Si<7=ͼ:мCE%*s.ӟƶ\'f4)F\nw7\ZLZG׮g%ǈ|5ĭnnyB[o=3g2u}>-H\'S/ܷDM~NFC];3\Z<?ӆ1\0]^KKclyCN	0=\0#]9PYUݖPڽ[f<hm˃\0-W*_\'\07+gwmr\0C;az\07qg)G~g+/u*\\jg}v=>j{{]6{0@?{VMRQ;ΔN6<-r?S7LdW]`[O=FMdHpqtnfGKЃ??lc,ԢՕ\0R{\0\\>¶t+\0җW\0񬽻oVN\0%f)TGw\0\0?[P?Mj?\"`\njg߁\\^h_\r3c΋\0\nk´---%sgPbl&8[PZWY5̥¯I5tL>(;,\r5d	9o]I\")0c֭hVEgbK㞃֜\'92zmɋE=qAg6w$eF~u\ZC26g+7/?{ԨiQ?[q\0V|ۭw&ONM6m<|k>K>!_*_CaN;xKiS\0bbygG%R`(¼Ng}:䖕:q?>*\0:u&μf0MZ(O>+K6դ\0W̉7A\0]W?zrW̶\0_yΏG)<\0{?6}	/%*\Ze|zdͭ캅$pZ*{U+:;32%|7ϱ^KcJ[vQ.ղN! (C]c$˪{5_\r?\rtGycmOguo:卺2/~\0Qr:o\03\ZeŅfv<E187ǩc|9}?&rL5ĖS̑4Mc\0ˏs_\rk,\r>hsA 껔%qXY:~>(x(eܡpqkԙ>fוxΡjG4*@9f\'FᾴoB\Z␟|WGDU;Hmc\0OPς,<kernVkYsA+C>^kRnߋh.\r)u+Fz*⟇~>1KԙV`>q/j?\raO]ҹ@wo~9\0cV>\"nѥŨMr}FWM3J3pE]|&`3-»\0HQOT缓d?Vq%c5,`ڑAQI\':^:E]uBY\"kIRy:Tn\069\0\0	&/k7%\'yy\0VƛNX\'j%M7}Nb\n;:IsnQyRga ږYaƣjp-x+GVn\Zjd:1\rƜҔ)7Go@_jv~Ky!1$vS^xJgd\"Mv޾Ӵ閖j8P+քchbկQγ9ح\0ܶ>[[dYEifeV>;ƹ_XjrWdVU\n\\\0c\0@-k\0\0L#7	\0\0°UkM\0gh_:³Ƞҽ3E]kJ-Is]0H~L.38>_8:**g`~yF\0l;dz\ZςЋ	^ǐ`#\\ZBk\nX(8jOÝP(JN{إuHFvZj~q\0jkƍHw|ǹʟ\0Dv>\Z;Vyhcrorw\0s\n}SwVI9L6A\\7	PXW]i,A;+F\ZJ?G,?J=.Fy,=w8ɣ鿆zm9H[P\Zur{fmxƟjM%d\rŋ\\me,rZ@?^mXA\n&Տ?BzkkRi3lbna$R;Oaڕ:/bڸ`=jeذmSdvd$r3q].h%!iOKK㑌\0{i~)B\\yN;B\\T(\0lt?ZMsz%A\n>;XQcn^:]Kүmt^ebQ:\n\r*|~g)J-u	|nh>\\ğ\0aiu넂c,9b9\0z<aulEh:Ea݅Oe{I6Xy=?eDՓT津zK/3X\\[F,F%iHT|U}:Ϋ@YC\0աbE,is*7=u۟XKq<Hǘ+%`?tY0Z7c΋z\'GO[j/EH-ˌ%Ӥ8SJ.K9Ʋqy##\00o\'OHD80\0	c\nԋz\\7=\n7O(s߱4׿kKuP	S<~aOgJ$vsbj7t`;gHp>?>={{QpG5\nFn$l+$ҿڔ,- g+88Xi֜eZt9hNN$&ܓz;=Zd֟wv9iE{M潥A\\_ŨH#P&\\ c9ϵxRtCi82>\09\ri4(%8?Zޔsh?j{~Z5;\0x9l|95{͵\0௟n<?IN%\0G\0)ñ/MI4x$.>5<\rE_y	rn`\0K\Z\Z5)Y)?جE$h-f!)J;7Tr[o.(	\nq}9ө&.RY*46.U&nmo+c^{E{\0O\0%rohLQE$r?c:	LŜT/쥷{wʳ\n#\'֨\\\0R{x7<,CyM5S\r$_m)~hn\"x!YmQKu]]ֲ$f=#+zP_;«ZfId؍g?w	/@ɹe#?qZe^6<ROnUїOѬ	$8S=?)RYEE;pA{S_5&r0 \0l\0gE\0\n kC(Rá\0_J(i$NC3QRsfC&K\'a]GHpGP}0O\\]$,.V nZ`k &\0_Os@kJ\",%Ӿ\ZFc`H!<SU%wXbpxٌVh5ϩ_wS#\\\0jb<r~O+,i\0\ni{$bx.U<Ȍddvb	$\0SN6G!\nŰw<gަh<oRyܿJvdsEd;nx$;95)3$˞3V$v)uyXKAIThђ5DKEC@R\0Q]U\\_s/M>0OM(]F\0aږTc\\볶G* Ic\\sҠ3V(ɐc`YpX6:?S~!>ʈ3buVEfx\Z7\r4,\nwڢϒpٻ~C㷵<4cj|D5OnⅡux~UexTc_޼|\0I1v;le7ǰm2Dhb#??W7orךQ~x7lOXoqGy)(DUY\'-x%	`?:3\0\\jSpU揦ˆv7)\0`E!v\rNosYX5-M2tf#\\,֢u\rʺޗ;v$L}j=yom#CwI qU0uy.4L+p0<bHqR$E}y@xӊy$\n6wJI8&<D\\Dvar`.G~]Η؍\nK[&;g\nx_bp	3;GrjK,Ueظfc>f2=I]Mxcu݀X`闺eLsF8W!A!i}*,\0AשxwLl?u@zVe$mV599nq{A?(HcdScM!ޛ$,rJ&qQIҽ֗\Zv%\0y[cٵtj>WtNeǰNr\Z$nƫUyUG\\i|RʲVv`b3Nk߅tpXs1w_¢7t8!aPH0/lWUx-wY\0\nMX˙^ۿ_-^+\\eܦ2dlr:uJÆ;6mjc[ǑvܖN;k\0jYIhc̑vI>\\m?y۟%.j7䏢H>s/FRѓp\0<Id#F㪌g=g+WPk{^VVgK2.W~q͏Ż^H8ܐw},Xs׶}\0{\0{FP|p\0\"[\Z]C:3QYjK4c13\0$ţrePSn̞H\\ȱBq5\rah4`A7,yyRȌ:\Z߅fS.w}\03ΓQ^)&	>_Z6_NLUy>:ׁjoom AǙ\'\0#|\'A46\r^K/ʀI p3S<zzr:.Xs[Z/qm4c{ӓ\\GĽ=h\\*mm<־4no/QP}3qq\n\\Ycg^Cm8Ā4Wپ.*\"{3tho,<J=k76\"	U]&3եk\\=(/i΃QԬljIX@,j3ڃ%\"mkDh\0\0*WcR\"kņ;WEOp,tdDvp:l+>lҮ9oһo7	]]I#z1\0^qO=9(wVΝỶ{\n\Z>x/cq$2|%wJnRWjc?Yӵsuv{W,*rTu\\:|e?·	\"($!}7s]zb$@?Uc\\\"d\nAZN\nGMC崷G-5EX-uٝVAEAXZ4\r.%+.Fvb/D	Ơ&s~\n\0ֻ:D^	f$|s\'Osuo$R.}kO(ku&U\0}+Ё\\j\"h&ri\\ӕ23[o\0y{ϠSn١Qxnq\"#T;06YN\r5*Z\0MЩf	c#%:ac\'m\0%q4x}kupK$}U_0ͧ|%GeEWy7U}|yb׌mNۆ..K(^Ǌ\0QdmX#Vtۉ|9|\0!\\8}FJ٤~.mͨ$9CVK}q!OlfNwٱ\'p y`=O^Xyiq;ZLa.6+1U9F>/\r*pnj\0P*	Q20\nG \\EqYJaǯ?NagEqPpԻ3*X;уm*]WRe-?k3Y[ܬD$gqV\'~\"i+I2\0C#&T޻e7>zp;{w9ħiipOS?mevO/dN\02M\"C\n2\Z9؃( 60F?<>l#:k9^%e{q3]4(:QZDU{\0CG/ch)<$3Og)fއ߸\rŎ>75-ѳ&\"|\"z]7M.%kwe	))U,06z6jhJo/j/VOF}UI\\=q]&F+$LORN/+?q-	Y6MwjIxj;[<ι˻}x$2RQEn3\r4Y :*+` 3HrHaO]L<qD]ir|;VHї2_pYzr?o~ KMZ8#>cqVoa[9V1}O|QfcٷxOj=XKkh-21{VߋP_xk6N~fc9=x5)5sԥIO;	\0h[K[L7\\\Z}׍m -E4N7\0{SZDyacVZ+oy@prKһ5_SISf$|JO\ryB	1}\Z kwgN*6袊>l*UCJf1,PFN7|3\0䯜4m;\n+AqN/fYV6ʈknހoP^\0MiU0Wki0#Dk޼sZֶYW͏Et#m_ºE\0Z4e Vvq]n_3ͩӃoE2j\Z{BBnb3:7ۥMi~$k:ct3A8 Zt[6m?Re6\"?vw_z՗JKmMFfe_ZO	i\"\rB	<;oCw+n|#i\'Эo]$CʄcG8,k6sN-;V@o<`ǦjWBڜVl}oem`}r:\Z>o9٧O3OВ?\n~m,Q׵\n-(5v1jN5/mFmmvW1ӓXsuu?tCz3\rW\n znR=W5]E\Z;c y\0xy|رq/6\"T;Z[\0eӚ&Xw^22?Wa*M|x\n	2rsռ}av?gV<b*)咺/\r͟ϒlsI{-ٰm3gR%nADLAj!{3j-7G7MNC*6q޵f15aY\'~%=+:}a%\0THiX﯄\"团b\ryi6O2Gva@#&Q\n\'uhdn;PզMXcrvYq\\FO$B=;.M2|3i%έ~%^.W~6zMDBJP+gU^vgUWs?vVl˙5WQ׏aK_\"F?Z;M&Kmy肽vڞ\ZeHprAȊYh9qJnW=8Q\0ilZZkt\0:V)aM#Hq\r³=O5Oή1Z9/xB	KX\0fahT}:סk{Blyd¼k%@4FW?uNt[5=׈cy=IYCӚ|Ob`>yrAnwuԜA\\\"^e-BX?{꧱Mj,B}OVZ(972\\)]\roU*0yH*;[YVZhc4mq/vn3մ};Rάn krZONU++x{mgZ{&!Y|zqc\n@o8p]Z-Oң,Z;[8%6^8Qk41ǨYOtVLq:\01OisCe	=m6ɢ^PL<\"=1kK[FKrl\ZەYdbv}?\n2z}+J\0N\nA\0SQcdݞ#*b\ZqڹMY\Z\0rcf1_oƖ5\\\r =jݯ\r?qr~u\\ai0W[Cu)^v;\Z玏8M]\"֟ϢԓIҵ(Dk^[宯lYXmǾ*u\\cy1n4{I2uIjo^oY`3ОPOuFTaRM#7UӢTVMk-xC5YG(ҳΗpqP:ue{M\ZV޴ZelmTK$J`u㊫JrǿLF1TwyZ\0٢FKd\Z§o.Se[Y3\n=|/l(]=DtԸϘO\'ڋKBw)F6½e*\\Т[ySQW}>e{7<wk )\07?ҷMq(Vb\0(⸭AnUfÏ5lm\0j	(CH`Xj}\0ozkB1SRV2NJ[/Ү5O\rܤNwc*y$WҾrɘڂJ.C{v9mcRBw?׼wj9%!E<~biMga >\"$1$Od\0]m\n\0X8E変n\"r>d\Zb`մ0ͩIRp>dR8޹Ku=2*I.\\dev9ӟF]\\}oKnfpñR<9PjHƗGԼ6iXq1TCSWOSL|l|󞜚·{\r7_lTG}`\0ɮvm`xzؠ(%Cl݂FG^8=)[	h~\'t>IslsᓷQ\\t`I:N׶]O+f1\'뮍IBSކj.qUo*Y!c\ne[48e$y\0XyRӛ94tY;˼c_~\'%Ĳ+42T3&_j9=\0Q kKz<*r\09Nsr0yteoZ$,f\0\n9qֽúN99*q\0+nx]Ex#М9z\Z\"B˸j4MH݆ˌؚN)T]튊k昗vg!siF[vĢzO/1^2\"9vgҨ\0h0\\807RFˌghd0b+Q#FyBqOLf	GCC\rw\nUQEhs(}>?\\%@#m	ᛒqF9( kw?bkJ=̮6GGW#|<crOs[v:$򄩼1^o2VJ;*b=dE#~lZvR:.8=o[{0Sg\\4~iʿw>vёf\'zT}$\r\'	PkV˷sl&=~ڊŏ9ݩ$!wf#L YQp>&w\\lRM%\0{\0F{\rƧ\r܉#lơڌK9\08><Mm\'f$z״RL7цiwgp>1To^+)6bY$s)Z{ 331ZonMm	qgh=?:KfVZa.ol	,\"?<t:~?+{#+́ٔ1<2v5ɗfbAPOp=*ԳQ§ˎU{Vޛ#P6TX0Ie*XlXBX\\˟q:իԆv\Zlq\\2\\ڠ/GXZ,$ԁ\\na=7vh2K8՗P-FY.1]~/|W{JklW؛:\nף\ZsE0*ï#R+Oo6^ >uћZ3;ˋkW)fuXr%\0\\:	|λn5=sQc2P*8\'60K;)\'#[h}\rOw:\0˹hf?0##oOҺ\r\ZTͶJ$Ipp8$^DKgZҔctyu٢+NODFb \0T:#k9 +ܾ&~j`u_5+m,OƏ?D^c9KxUmU\ZԆt+wTr\'~YF~*w1ݧVtjE9l1g`L+20j[V\rEh[?*nwm`q֭ ruH|s{\0mwVZ)Ot\'xGv۟CڽeSֹoqyrSҽ*Un9G[#wYJ9LhwmLO81^l.Y\n0^>wg ]?Pa賦\ZϟQ[\ndi3ϥn\rz.z&=ĜOn4-BLO\08>L:̍.ZY98;^	+6=WgSi*-crp @8㜊sk䧗*O~|4Xv*bhp0bדY)jŴ]\0vzsRcб\\(%%8x=ǡRүVluV+te]9\"!ki\n{$p\0]m40榧omJ퇋f=GjF1X@y[XBo9EG^&6$zJ$vLl\nvuoǱ[˸n\ZH^~tAS#\"_\'jc$O&h\"`O={W\nZg-Q\rnQX{\0n>ӢiL\n3m83Y\\fu\0(\'CR3whb#5\0\n2]x~ER.XaT_JۋQ#a0xzI\0<\06;z(9/c>\0ԇ^b\0ѩ^\"?|xjWFeDXлҸ\Z>\'Dh%ҢbS%<U.̐@>,#)~ʭ~NٴZSj]#NeQ>WmC8kG\rl[\0bYFH[6σ{V}F]d=tT\n( XQcBV\'i,I=>^D}-|ߞ)|ݑrӷ`z6V%u<?|zX)Dᯤ-_]mj+B*}KRLv\rw`-CE,y5\rBGhY\n,)\n}ڵlm۩/92sȵOj٨	?d\\{c/#:=It0Z.;XW~/ZuhчEҐ2qQzvhO۠]<unq2,1R麋4:U!3\\e\0^G{;Ȧ&cIot`OJ!VvncHuXOl1\Zѓ6bMB9a2nfܠ~kLl|g:0uS֧ͦmoi&d	Q!9DYw,Ŕp谤>oA&B+mRرP=+,Oúp{/Al%A4d	#AN7U\0=jif.e4}8qks9Mj;HC2sS޲SX&SSnw8?lWBMm,od#-<i6d1yHh9\0~WA[K,1m`^\\˴g;=\'/]&df	i{<_uJj(ʋets>.rnJo@x#VLh\'7r-11/lA\r\ZA~`:jM6Ze[>\Zg9(~+\\u0Vw:)(9σ/HQk>21T\nIN⽗r/^|c``9˨1X&h=t0F~8?N].}Ow,rT\Z\"i\Z\'HyZK\nHaPqզZ[yd#cۊI		*qe\0¥X:zIj~%2=}8ؼ:>alޤOlw}icI%vx\0\0\'D:̨$C4Y7n3uJ0OAj˒9hRc\"Fl}jTrqZCf6c{UXL~L9&_,Gqյzoik?K2X裦D}3T,Ѡ\n2r[s,~]Xgs%[i6H^FfD/4ՏJƎ)5ǎNii\"[WQ5	X.Hvnf	s-狧OG3wg[ZN	敽=K\ZlڝVw,ѭBO\0p 1`.&]g*}V3}\rskyL݃?;~<D=Mڞx^R]\n~OҼXH/h3L{}e9#ji\ZK;gxǘ_ϩn۲EIݷp\\Uq[[qin-,~I9dK`6)dn ץ\ZrV9gyep?m1/]3Yy|0\ZVzLp?ܢ)>ԤmF;jkJ2}]Saq,QLw\0񬆿GQbFG}{Z]$T۪͑pϷJT|9\'ԚF1PBo\"sd#![`ֵtQvbzg <I\'5F\Zb)@~=:l]9ʊy,py=q≨[&ϝ?IrZՇ61D?z>Hs\\}}+̞f~*:{/I\nL\0\0R&[f= {`2B5Hm+UWi䜧pzOLX\0^3Mp\"<F}q^S\'$y1k⿕wzS,y^;}noԮQvGQ[Tid{.̓s\0bYk.FLVƿuyĪ͵nR]sܺ5_BȊ]~\\\nSYy~@#\'x1T!wDHU-S̮e>F~]I\"F4Λ\0g63ϮsZ(v9͟Һ\nq1\0tLOzHBbF\r\rCi#3d:Ṣ,xتl\'BH##h-7\'F>}~[+)L:b6ߗ6?z\\;9>c6}5RH]Ax\"QI:[p;SKcҨ7i6yO0=iͥB\nMu\0a-.ƽdPJ.zj7]E>{V$=Mz|n+.嶒(\"m`[\"nP;6\\.I;g+JyVu56s}\")=;Zq6\Zm\ro5\ZBGϰ?z3({vzxZQ{@p!?cϿjodLȧz\0#fq?h68pkINnOאR;քWw3_KUNCnáY,RiO5Yu\nc\0Ukq{Q;{e,#Κ_T9_C^o?<SM+IǱ^|\\c\0%zyP񧅺C+C8$\0RD_ix_h;wZo4	A$}1\0=kDO$TE1=5*P>oS_*Dry+&p>TU\0CBՅO=܊zֽuo\n5\nY ㏭pQZ\\Efn<SZ<?\Zz\0z\0ZH$p\\W^?je&vrDA=&u/h{vpƮʄbڭP&dm5w-ͼ߼L1([٥P\n˒yf5Ua]=Z[\r{@ڃ\0=μxs͟sjOO-{80U4zF2Uo@\0\nqq$ۻi+o|wդO2<]<R?7aU.\'[cӏ¼y\\.K4\nCW+q6(0Sh湝JM+Liz\\zP\rg9cP}7Ėw\n+0\n^.4)<c5zgL#9cXGm/đ7$\01\\W])u(WQF2ۮ1>گAG#aq*ĺ2SCUxi>C6A0jSLp5٧(fwv+R&(niFJ.v;;IÇl Q[>s\\Frzܵ21wVl0uR;GU{Wӻלc5mɊm@>h>\0Bo\0\0	O\nP<N*(N;⌆/Zm#ڥyǂ2aX9\0z/UU\\rW./#HW\09vZ]UD	s]%^{Sg·?z^EɂBA`Ok;(J\0p\0;	R,;iy8?\0xW#(.:^	||\0uŉ^/v\"ۙ\nJ~O%GJXc;hJ2KDsi$Vy<51APt>psOT>>9,\0iQ/@?gg9ބ:t|\"QOڕW,qVڜWvuDY$v;U@$H&s<CLixELEtۯG\"bAP;y6\rY]ZBy$Kpw)*NGIF06]t\nLYfC{dV$0CcIVK\na\\qZBjG|<=v8pqW/]@_mǱiր,pKfv\\\\ї\'\0Tф[Nꬵ0yfankVriڼf~T܅-?L8;(=\Zkyh́pwZOFٙ{M_[\\D!$2!T8ϭsWz\n<ᔃ+~xcBLkw	P8u6m#.cþ\'𞁢t<۔ݞ=,i6ފ?;\Z+fK\0W|SV\n%x5oxp^YjW/rai&Y@1r条xZ-\'Jn1vs>Վ\"i4eW3M&ng[1	iAhz7o^F,oq׀~ +yk+DBns菄׃S?xaU,v;VZn6oϙcHʊ4QEwVb\rV\0A 4E܆Dt`?Z~,\03\0J|zFW=,-7V}.}5G>)Цo)sħ!pHѹҙk_.Eb1 ?tncݚCAڬrrjT\Z.GŪO~(\n19\'߯N}~{GڦarqP:R^>W`yW!\"E>n檪3R52W69Eq?(5[fR.(v8mQm9n{`RvKӥ+ZN{EaH`%Fdxr88*{`\rO\\.t&vsna[<sXqE<]RXzep]FcnS\nN51j4%sHjߓeK/J섮>sESw[2q9RZ\\PP݌+_ѶbАO8Jiw1u)cr(lVSڼѬ1ef\rMr=rK{ty/)z>}*\r\n>\\\0(϶J\rְ_i\n0އ3\03^8N.k+5\'8N9Fti+}ʜ#?,Xk߂)oLpM$L&/I	2^ۥQX|©5_\"X|t\'\"uSiX+Em6zuVG',30,1);
/*!40000 ALTER TABLE `urun` ENABLE KEYS */;
UNLOCK TABLES;

--
-- Table structure for table `user`
--

DROP TABLE IF EXISTS `user`;
/*!40101 SET @saved_cs_client     = @@character_set_client */;
/*!40101 SET character_set_client = utf8 */;
CREATE TABLE `user` (
  `UserId` int(10) unsigned NOT NULL AUTO_INCREMENT,
  `UserName` varchar(45) NOT NULL,
  `UserPassword` varchar(45) NOT NULL,
  `UserMail` varchar(45) NOT NULL,
  PRIMARY KEY (`UserId`)
) ENGINE=InnoDB AUTO_INCREMENT=2 DEFAULT CHARSET=latin5;
/*!40101 SET character_set_client = @saved_cs_client */;

--
-- Dumping data for table `user`
--

LOCK TABLES `user` WRITE;
/*!40000 ALTER TABLE `user` DISABLE KEYS */;
INSERT INTO `user` VALUES (1,'1','1','solukvsiyah@gmail.com');
/*!40000 ALTER TABLE `user` ENABLE KEYS */;
UNLOCK TABLES;
/*!40103 SET TIME_ZONE=@OLD_TIME_ZONE */;

/*!40101 SET SQL_MODE=@OLD_SQL_MODE */;
/*!40014 SET FOREIGN_KEY_CHECKS=@OLD_FOREIGN_KEY_CHECKS */;
/*!40014 SET UNIQUE_CHECKS=@OLD_UNIQUE_CHECKS */;
/*!40101 SET CHARACTER_SET_CLIENT=@OLD_CHARACTER_SET_CLIENT */;
/*!40101 SET CHARACTER_SET_RESULTS=@OLD_CHARACTER_SET_RESULTS */;
/*!40101 SET COLLATION_CONNECTION=@OLD_COLLATION_CONNECTION */;
/*!40111 SET SQL_NOTES=@OLD_SQL_NOTES */;

-- Dump completed on 2015-01-13 14:20:52
